[19:58:50] [main/INFO] (FabricLoader/GameProvider) Loading Minecraft 1.21.1 with Fabric Loader 0.16.0
[19:58:50] [main/DEBUG] (FabricLoader/GamePatch) Found game constructor: net.minecraft.client.main.Main -> net.minecraft.client.Minecraft
[19:58:50] [main/DEBUG] (FabricLoader/GamePatch) Patching game constructor <init>(Lnet/minecraft/client/main/GameConfig;)V
[19:58:50] [main/DEBUG] (FabricLoader/GamePatch) Run directory field is thought to be net/minecraft/client/Minecraft/gameDirectory
[19:58:50] [main/DEBUG] (FabricLoader/GamePatch) Applying brand name hook to net/minecraft/client/ClientBrandRetriever::getClientModName
[19:58:50] [main/DEBUG] (FabricLoader/GamePatch) Applying brand name hook to net/minecraft/server/MinecraftServer::getServerModName
[19:58:50] [main/DEBUG] (FabricLoader/Mappings) Loading mappings took 51 ms
[19:58:50] [main/DEBUG] (FabricLoader/GamePatch) Patched 3 classs
[19:58:50] [main/DEBUG] (FabricLoader/Discovery) Mod discovery time: 11.5 ms
[19:58:51] [main/DEBUG] (FabricLoader/Resolution) Mod resolution time: 42.3 ms
[19:58:51] [main/INFO] (FabricLoader) Loading 58 mods:
	- brbe 2.1.5
	- cloth-basic-math 0.6.1
	- cloth-config 15.0.140
	- fabric-api 0.116.12+1.21.1
	- fabric-api-base 0.4.42+6573ed8c19
	- fabric-api-lookup-api-v1 1.6.72+7b3d111d19
	- fabric-biome-api-v1 13.0.31+d527f9fd19
	- fabric-block-api-v1 1.1.0+0bc3503219
	- fabric-block-view-api-v2 1.0.11+ebb2264e19
	- fabric-blockrenderlayer-v1 1.1.52+0af3f5a719
	- fabric-client-tags-api-v1 1.1.15+6573ed8c19
	- fabric-command-api-v1 1.2.49+f71b366f19
	- fabric-command-api-v2 2.2.28+6ced4dd919
	- fabric-commands-v0 0.2.66+df3654b319
	- fabric-content-registries-v0 8.0.19+b559734419
	- fabric-convention-tags-v1 2.1.7+7f945d5b19
	- fabric-convention-tags-v2 2.12.0+c3656daa19
	- fabric-crash-report-info-v1 0.2.29+0af3f5a719
	- fabric-data-attachment-api-v1 1.4.7+5b36e0f719
	- fabric-data-generation-api-v1 20.2.38+60a6976219
	- fabric-dimensions-v1 4.0.1+65213ef819
	- fabric-entity-events-v1 1.8.0+2b27e0a419
	- fabric-events-interaction-v0 0.7.14+ba9dae0619
	- fabric-game-rule-api-v1 1.0.53+6ced4dd919
	- fabric-gametest-api-v1 2.0.5+6fc22b9919
	- fabric-item-api-v1 11.2.0+3b3cb2e819
	- fabric-item-group-api-v1 4.1.7+def88e3a19
	- fabric-key-binding-api-v1 1.0.47+0af3f5a719
	- fabric-keybindings-v0 0.2.45+df3654b319
	- fabric-lifecycle-events-v1 2.6.0+0865547519
	- fabric-loot-api-v2 3.0.15+3f89f5a519
	- fabric-loot-api-v3 1.0.3+3f89f5a519
	- fabric-message-api-v1 6.0.14+8aaf3aca19
	- fabric-model-loading-api-v1 2.1.0+b4d813fc19
	- fabric-networking-api-v1 4.3.1+d30f6a7919
	- fabric-object-builder-api-v1 15.2.1+40875a9319
	- fabric-particles-v1 4.0.2+6573ed8c19
	- fabric-recipe-api-v1 5.0.16+2475392c19
	- fabric-registry-sync-v0 5.3.2+e3eddc2119
	- fabric-renderer-api-v1 3.4.1+b4d813fc19
	- fabric-renderer-indigo 1.7.1+c705a49c19
	- fabric-renderer-registries-v1 3.2.69+df3654b319
	- fabric-rendering-data-attachment-v1 0.3.49+73761d2e19
	- fabric-rendering-fluids-v1 3.1.6+1daea21519
	- fabric-rendering-v0 1.1.72+df3654b319
	- fabric-rendering-v1 5.1.0+ab4c25a019
	- fabric-resource-conditions-api-v1 4.3.0+8dc279b119
	- fabric-resource-loader-v0 1.3.1+5b5275af19
	- fabric-screen-api-v1 2.0.25+8b68f1c719
	- fabric-screen-handler-api-v1 1.3.91+b559734419
	- fabric-sound-api-v1 1.0.23+6573ed8c19
	- fabric-transfer-api-v1 5.4.4+7b3d111d19
	- fabric-transitive-access-wideners-v1 6.2.0+45b9699719
	- fabricloader 0.16.0
	- generated_2ab46f8 1.0.0
	- java 25
	- minecraft 1.21.1
	- mixinextras 0.4.0
[19:58:51] [main/DEBUG] (FabricLoader/Knot) Adding /media/avalonia/data/MinecraftLib/versions/Vanilla Creamy Exploration 1/MinecraftMod/BetterRecipeBook/1.21.1/.gradle/loom-cache/remapped_mods/remapped/net/fabricmc/fabric-api/fabric-rendering-v1-b9d2d3ba/5.1.0+ab4c25a019/fabric-rendering-v1-b9d2d3ba-5.1.0+ab4c25a019.jar to classpath.
[19:58:51] [main/DEBUG] (FabricLoader/Knot) Adding /media/avalonia/data/MinecraftLib/versions/Vanilla Creamy Exploration 1/MinecraftMod/BetterRecipeBook/1.21.1/.gradle/loom-cache/remapped_mods/remapped/net/fabricmc/fabric-api/fabric-renderer-api-v1-b9d2d3ba/3.4.1+b4d813fc19/fabric-renderer-api-v1-b9d2d3ba-3.4.1+b4d813fc19.jar to classpath.
[19:58:51] [main/DEBUG] (FabricLoader/Knot) Adding /media/avalonia/data/MinecraftLib/versions/Vanilla Creamy Exploration 1/MinecraftMod/BetterRecipeBook/1.21.1/.gradle/loom-cache/remapped_mods/remapped/net/fabricmc/fabric-api/fabric-content-registries-v0-b9d2d3ba/8.0.19+b559734419/fabric-content-registries-v0-b9d2d3ba-8.0.19+b559734419.jar to classpath.
[19:58:51] [main/DEBUG] (FabricLoader/Knot) Adding /media/avalonia/data/MinecraftLib/versions/Vanilla Creamy Exploration 1/MinecraftMod/BetterRecipeBook/1.21.1/.gradle/loom-cache/remapped_mods/remapped/net/fabricmc/fabric-api/fabric-renderer-registries-v1-b9d2d3ba/3.2.69+df3654b319/fabric-renderer-registries-v1-b9d2d3ba-3.2.69+df3654b319.jar to classpath.
[19:58:51] [main/DEBUG] (FabricLoader/Knot) Adding /media/avalonia/data/MinecraftLib/versions/Vanilla Creamy Exploration 1/MinecraftMod/BetterRecipeBook/1.21.1/.gradle/loom-cache/remapped_mods/remapped/net/fabricmc/fabric-api/fabric-item-group-api-v1-b9d2d3ba/4.1.7+def88e3a19/fabric-item-group-api-v1-b9d2d3ba-4.1.7+def88e3a19.jar to classpath.
[19:58:51] [main/DEBUG] (FabricLoader/Knot) Adding /media/avalonia/data/MinecraftLib/versions/Vanilla Creamy Exploration 1/MinecraftMod/BetterRecipeBook/1.21.1/.gradle/loom-cache/remapped_mods/remapped/me/shedaniel/cloth/basic-math-b9d2d3ba/0.6.1/basic-math-b9d2d3ba-0.6.1.jar to classpath.
[19:58:51] [main/DEBUG] (FabricLoader/Knot) Adding /media/avalonia/data/MinecraftLib/versions/Vanilla Creamy Exploration 1/MinecraftMod/BetterRecipeBook/1.21.1/.gradle/loom-cache/remapped_mods/remapped/net/fabricmc/fabric-api/fabric-transfer-api-v1-b9d2d3ba/5.4.4+7b3d111d19/fabric-transfer-api-v1-b9d2d3ba-5.4.4+7b3d111d19.jar to classpath.
[19:58:51] [main/DEBUG] (FabricLoader/Knot) Adding /media/avalonia/data/MinecraftLib/versions/Vanilla Creamy Exploration 1/MinecraftMod/BetterRecipeBook/1.21.1/.gradle/loom-cache/remapped_mods/remapped/net/fabricmc/fabric-api/fabric-resource-conditions-api-v1-b9d2d3ba/4.3.0+8dc279b119/fabric-resource-conditions-api-v1-b9d2d3ba-4.3.0+8dc279b119.jar to classpath.
[19:58:51] [main/DEBUG] (FabricLoader/Knot) Adding /media/avalonia/data/MinecraftLib/versions/Vanilla Creamy Exploration 1/MinecraftMod/BetterRecipeBook/1.21.1/.gradle/loom-cache/remapped_mods/remapped/net/fabricmc/fabric-api/fabric-command-api-v2-b9d2d3ba/2.2.28+6ced4dd919/fabric-command-api-v2-b9d2d3ba-2.2.28+6ced4dd919.jar to classpath.
[19:58:51] [main/DEBUG] (FabricLoader/Knot) Adding /media/avalonia/data/MinecraftLib/versions/Vanilla Creamy Exploration 1/MinecraftMod/BetterRecipeBook/1.21.1/.gradle/loom-cache/remapped_mods/remapped/net/fabricmc/fabric-api/fabric-block-api-v1-b9d2d3ba/1.1.0+0bc3503219/fabric-block-api-v1-b9d2d3ba-1.1.0+0bc3503219.jar to classpath.
[19:58:51] [main/DEBUG] (FabricLoader/Knot) Adding /media/avalonia/data/MinecraftLib/versions/Vanilla Creamy Exploration 1/MinecraftMod/BetterRecipeBook/1.21.1/.gradle/loom-cache/remapped_mods/remapped/net/fabricmc/fabric-api/fabric-rendering-v0-b9d2d3ba/1.1.72+df3654b319/fabric-rendering-v0-b9d2d3ba-1.1.72+df3654b319.jar to classpath.
[19:58:51] [main/DEBUG] (FabricLoader/Knot) Adding /media/avalonia/data/MinecraftLib/versions/Vanilla Creamy Exploration 1/MinecraftMod/BetterRecipeBook/1.21.1/.gradle/loom-cache/remapped_mods/remapped/net/fabricmc/fabric-api/fabric-rendering-fluids-v1-b9d2d3ba/3.1.6+1daea21519/fabric-rendering-fluids-v1-b9d2d3ba-3.1.6+1daea21519.jar to classpath.
[19:58:51] [main/DEBUG] (FabricLoader/Knot) Adding /media/avalonia/data/MinecraftLib/versions/Vanilla Creamy Exploration 1/MinecraftMod/BetterRecipeBook/1.21.1/.gradle/loom-cache/remapped_mods/remapped/net/fabricmc/fabric-api/fabric-rendering-data-attachment-v1-b9d2d3ba/0.3.49+73761d2e19/fabric-rendering-data-attachment-v1-b9d2d3ba-0.3.49+73761d2e19.jar to classpath.
[19:58:51] [main/DEBUG] (FabricLoader/Knot) Adding /media/avalonia/data/MinecraftLib/versions/Vanilla Creamy Exploration 1/MinecraftMod/BetterRecipeBook/1.21.1/.gradle/loom-cache/remapped_mods/remapped/net/fabricmc/fabric-api/fabric-particles-v1-b9d2d3ba/4.0.2+6573ed8c19/fabric-particles-v1-b9d2d3ba-4.0.2+6573ed8c19.jar to classpath.
[19:58:51] [main/DEBUG] (FabricLoader/Knot) Adding /home/avalonia/.gradle/caches/modules-2/files-2.1/io.github.llamalad7/mixinextras-fabric/0.4.0/37e5d2590769ab4e465dd140f8f1efe42f5fda9e/mixinextras-fabric-0.4.0.jar to classpath.
[19:58:51] [main/DEBUG] (FabricLoader/Knot) Adding /media/avalonia/data/MinecraftLib/versions/Vanilla Creamy Exploration 1/MinecraftMod/BetterRecipeBook/1.21.1/.gradle/loom-cache/remapped_mods/remapped/net/fabricmc/fabric-api/fabric-screen-api-v1-b9d2d3ba/2.0.25+8b68f1c719/fabric-screen-api-v1-b9d2d3ba-2.0.25+8b68f1c719.jar to classpath.
[19:58:51] [main/DEBUG] (FabricLoader/Knot) Adding /media/avalonia/data/MinecraftLib/versions/Vanilla Creamy Exploration 1/MinecraftMod/BetterRecipeBook/1.21.1/.gradle/loom-cache/remapped_mods/remapped/net/fabricmc/fabric-api/fabric-crash-report-info-v1-b9d2d3ba/0.2.29+0af3f5a719/fabric-crash-report-info-v1-b9d2d3ba-0.2.29+0af3f5a719.jar to classpath.
[19:58:51] [main/DEBUG] (FabricLoader/Knot) Adding /media/avalonia/data/MinecraftLib/versions/Vanilla Creamy Exploration 1/MinecraftMod/BetterRecipeBook/1.21.1/.gradle/loom-cache/remapped_mods/remapped/net/fabricmc/fabric-api/fabric-dimensions-v1-b9d2d3ba/4.0.1+65213ef819/fabric-dimensions-v1-b9d2d3ba-4.0.1+65213ef819.jar to classpath.
[19:58:51] [main/DEBUG] (FabricLoader/Knot) Adding /media/avalonia/data/MinecraftLib/versions/Vanilla Creamy Exploration 1/MinecraftMod/BetterRecipeBook/1.21.1/.gradle/loom-cache/remapped_mods/remapped/net/fabricmc/fabric-api/fabric-blockrenderlayer-v1-b9d2d3ba/1.1.52+0af3f5a719/fabric-blockrenderlayer-v1-b9d2d3ba-1.1.52+0af3f5a719.jar to classpath.
[19:58:51] [main/DEBUG] (FabricLoader/Knot) Adding /media/avalonia/data/MinecraftLib/versions/Vanilla Creamy Exploration 1/MinecraftMod/BetterRecipeBook/1.21.1/.gradle/loom-cache/remapped_mods/remapped/net/fabricmc/fabric-api/fabric-registry-sync-v0-b9d2d3ba/5.3.2+e3eddc2119/fabric-registry-sync-v0-b9d2d3ba-5.3.2+e3eddc2119.jar to classpath.
[19:58:51] [main/DEBUG] (FabricLoader/Knot) Adding /media/avalonia/data/MinecraftLib/versions/Vanilla Creamy Exploration 1/MinecraftMod/BetterRecipeBook/1.21.1/.gradle/loom-cache/remapped_mods/remapped/net/fabricmc/fabric-api/fabric-resource-loader-v0-b9d2d3ba/1.3.1+5b5275af19/fabric-resource-loader-v0-b9d2d3ba-1.3.1+5b5275af19.jar to classpath.
[19:58:51] [main/DEBUG] (FabricLoader/Knot) Adding /media/avalonia/data/MinecraftLib/versions/Vanilla Creamy Exploration 1/MinecraftMod/BetterRecipeBook/1.21.1/.gradle/loom-cache/remapped_mods/remapped/net/fabricmc/fabric-api/fabric-game-rule-api-v1-b9d2d3ba/1.0.53+6ced4dd919/fabric-game-rule-api-v1-b9d2d3ba-1.0.53+6ced4dd919.jar to classpath.
[19:58:51] [main/DEBUG] (FabricLoader/Knot) Adding /media/avalonia/data/MinecraftLib/versions/Vanilla Creamy Exploration 1/MinecraftMod/BetterRecipeBook/1.21.1/.gradle/loom-cache/remapped_mods/remapped/net/fabricmc/fabric-api/fabric-block-view-api-v2-b9d2d3ba/1.0.11+ebb2264e19/fabric-block-view-api-v2-b9d2d3ba-1.0.11+ebb2264e19.jar to classpath.
[19:58:51] [main/DEBUG] (FabricLoader/Knot) Adding /media/avalonia/data/MinecraftLib/versions/Vanilla Creamy Exploration 1/MinecraftMod/BetterRecipeBook/1.21.1/.gradle/loom-cache/remapped_mods/remapped/net/fabricmc/fabric-api/fabric-item-api-v1-b9d2d3ba/11.2.0+3b3cb2e819/fabric-item-api-v1-b9d2d3ba-11.2.0+3b3cb2e819.jar to classpath.
[19:58:51] [main/DEBUG] (FabricLoader/Knot) Adding /media/avalonia/data/MinecraftLib/versions/Vanilla Creamy Exploration 1/MinecraftMod/BetterRecipeBook/1.21.1/.gradle/loom-cache/remapped_mods/remapped/net/fabricmc/fabric-api/fabric-gametest-api-v1-b9d2d3ba/2.0.5+6fc22b9919/fabric-gametest-api-v1-b9d2d3ba-2.0.5+6fc22b9919.jar to classpath.
[19:58:51] [main/DEBUG] (FabricLoader/Knot) Adding /media/avalonia/data/MinecraftLib/versions/Vanilla Creamy Exploration 1/MinecraftMod/BetterRecipeBook/1.21.1/.gradle/loom-cache/remapped_mods/remapped/net/fabricmc/fabric-api/fabric-commands-v0-b9d2d3ba/0.2.66+df3654b319/fabric-commands-v0-b9d2d3ba-0.2.66+df3654b319.jar to classpath.
[19:58:51] [main/DEBUG] (FabricLoader/Knot) Adding /media/avalonia/data/MinecraftLib/versions/Vanilla Creamy Exploration 1/MinecraftMod/BetterRecipeBook/1.21.1/.gradle/loom-cache/remapped_mods/remapped/net/fabricmc/fabric-api/fabric-loot-api-v3-b9d2d3ba/1.0.3+3f89f5a519/fabric-loot-api-v3-b9d2d3ba-1.0.3+3f89f5a519.jar to classpath.
[19:58:51] [main/DEBUG] (FabricLoader/Knot) Adding /media/avalonia/data/MinecraftLib/versions/Vanilla Creamy Exploration 1/MinecraftMod/BetterRecipeBook/1.21.1/.gradle/loom-cache/remapped_mods/remapped/net/fabricmc/fabric-api/fabric-object-builder-api-v1-b9d2d3ba/15.2.1+40875a9319/fabric-object-builder-api-v1-b9d2d3ba-15.2.1+40875a9319.jar to classpath.
[19:58:51] [main/DEBUG] (FabricLoader/Knot) Adding /media/avalonia/data/MinecraftLib/versions/Vanilla Creamy Exploration 1/MinecraftMod/BetterRecipeBook/1.21.1/.gradle/loom-cache/remapped_mods/remapped/net/fabricmc/fabric-api/fabric-renderer-indigo-b9d2d3ba/1.7.1+c705a49c19/fabric-renderer-indigo-b9d2d3ba-1.7.1+c705a49c19.jar to classpath.
[19:58:51] [main/DEBUG] (FabricLoader/Knot) Adding /media/avalonia/data/MinecraftLib/versions/Vanilla Creamy Exploration 1/MinecraftMod/BetterRecipeBook/1.21.1/.gradle/loom-cache/remapped_mods/remapped/net/fabricmc/fabric-api/fabric-client-tags-api-v1-b9d2d3ba/1.1.15+6573ed8c19/fabric-client-tags-api-v1-b9d2d3ba-1.1.15+6573ed8c19.jar to classpath.
[19:58:51] [main/DEBUG] (FabricLoader/Knot) Adding /media/avalonia/data/MinecraftLib/versions/Vanilla Creamy Exploration 1/MinecraftMod/BetterRecipeBook/1.21.1/.gradle/loom-cache/remapped_mods/remapped/net/fabricmc/fabric-api/fabric-convention-tags-v2-b9d2d3ba/2.12.0+c3656daa19/fabric-convention-tags-v2-b9d2d3ba-2.12.0+c3656daa19.jar to classpath.
[19:58:51] [main/DEBUG] (FabricLoader/Knot) Adding /tmp/17196588242740008650.jar to classpath.
[19:58:51] [main/DEBUG] (FabricLoader/Knot) Adding /media/avalonia/data/MinecraftLib/versions/Vanilla Creamy Exploration 1/MinecraftMod/BetterRecipeBook/1.21.1/fabric/build/resources/main to classpath.
[19:58:51] [main/DEBUG] (FabricLoader/Knot) Adding /media/avalonia/data/MinecraftLib/versions/Vanilla Creamy Exploration 1/MinecraftMod/BetterRecipeBook/1.21.1/.gradle/loom-cache/remapped_mods/remapped/net/fabricmc/fabric-api/fabric-api-base-b9d2d3ba/0.4.42+6573ed8c19/fabric-api-base-b9d2d3ba-0.4.42+6573ed8c19.jar to classpath.
[19:58:51] [main/DEBUG] (FabricLoader/Knot) Adding /media/avalonia/data/MinecraftLib/versions/Vanilla Creamy Exploration 1/MinecraftMod/BetterRecipeBook/1.21.1/.gradle/loom-cache/remapped_mods/remapped/net/fabricmc/fabric-api/fabric-model-loading-api-v1-b9d2d3ba/2.1.0+b4d813fc19/fabric-model-loading-api-v1-b9d2d3ba-2.1.0+b4d813fc19.jar to classpath.
[19:58:51] [main/DEBUG] (FabricLoader/Knot) Adding /media/avalonia/data/MinecraftLib/versions/Vanilla Creamy Exploration 1/MinecraftMod/BetterRecipeBook/1.21.1/.gradle/loom-cache/remapped_mods/remapped/net/fabricmc/fabric-api/fabric-message-api-v1-b9d2d3ba/6.0.14+8aaf3aca19/fabric-message-api-v1-b9d2d3ba-6.0.14+8aaf3aca19.jar to classpath.
[19:58:51] [main/DEBUG] (FabricLoader/Knot) Adding /media/avalonia/data/MinecraftLib/versions/Vanilla Creamy Exploration 1/MinecraftMod/BetterRecipeBook/1.21.1/.gradle/loom-cache/remapped_mods/remapped/net/fabricmc/fabric-api/fabric-lifecycle-events-v1-b9d2d3ba/2.6.0+0865547519/fabric-lifecycle-events-v1-b9d2d3ba-2.6.0+0865547519.jar to classpath.
[19:58:51] [main/DEBUG] (FabricLoader/Knot) Adding /media/avalonia/data/MinecraftLib/versions/Vanilla Creamy Exploration 1/MinecraftMod/BetterRecipeBook/1.21.1/.gradle/loom-cache/remapped_mods/remapped/me/shedaniel/cloth/cloth-config-fabric-b9d2d3ba/15.0.140/cloth-config-fabric-b9d2d3ba-15.0.140-fabric.jar to classpath.
[19:58:51] [main/DEBUG] (FabricLoader/Knot) Adding /media/avalonia/data/MinecraftLib/versions/Vanilla Creamy Exploration 1/MinecraftMod/BetterRecipeBook/1.21.1/.gradle/loom-cache/remapped_mods/remapped/net/fabricmc/fabric-api/fabric-screen-handler-api-v1-b9d2d3ba/1.3.91+b559734419/fabric-screen-handler-api-v1-b9d2d3ba-1.3.91+b559734419.jar to classpath.
[19:58:51] [main/DEBUG] (FabricLoader/Knot) Adding /media/avalonia/data/MinecraftLib/versions/Vanilla Creamy Exploration 1/MinecraftMod/BetterRecipeBook/1.21.1/.gradle/loom-cache/remapped_mods/remapped/net/fabricmc/fabric-api/fabric-api-b9d2d3ba/0.116.12+1.21.1/fabric-api-b9d2d3ba-0.116.12+1.21.1.jar to classpath.
[19:58:51] [main/DEBUG] (FabricLoader/Knot) Adding /media/avalonia/data/MinecraftLib/versions/Vanilla Creamy Exploration 1/MinecraftMod/BetterRecipeBook/1.21.1/.gradle/loom-cache/remapped_mods/remapped/net/fabricmc/fabric-api/fabric-data-generation-api-v1-b9d2d3ba/20.2.38+60a6976219/fabric-data-generation-api-v1-b9d2d3ba-20.2.38+60a6976219.jar to classpath.
[19:58:51] [main/DEBUG] (FabricLoader/Knot) Adding /media/avalonia/data/MinecraftLib/versions/Vanilla Creamy Exploration 1/MinecraftMod/BetterRecipeBook/1.21.1/.gradle/loom-cache/remapped_mods/remapped/net/fabricmc/fabric-api/fabric-sound-api-v1-b9d2d3ba/1.0.23+6573ed8c19/fabric-sound-api-v1-b9d2d3ba-1.0.23+6573ed8c19.jar to classpath.
[19:58:51] [main/DEBUG] (FabricLoader/Knot) Adding /media/avalonia/data/MinecraftLib/versions/Vanilla Creamy Exploration 1/MinecraftMod/BetterRecipeBook/1.21.1/.gradle/loom-cache/remapped_mods/remapped/net/fabricmc/fabric-api/fabric-entity-events-v1-b9d2d3ba/1.8.0+2b27e0a419/fabric-entity-events-v1-b9d2d3ba-1.8.0+2b27e0a419.jar to classpath.
[19:58:51] [main/DEBUG] (FabricLoader/Knot) Adding /media/avalonia/data/MinecraftLib/versions/Vanilla Creamy Exploration 1/MinecraftMod/BetterRecipeBook/1.21.1/.gradle/loom-cache/remapped_mods/remapped/net/fabricmc/fabric-api/fabric-command-api-v1-b9d2d3ba/1.2.49+f71b366f19/fabric-command-api-v1-b9d2d3ba-1.2.49+f71b366f19.jar to classpath.
[19:58:51] [main/DEBUG] (FabricLoader/Knot) Adding /media/avalonia/data/MinecraftLib/versions/Vanilla Creamy Exploration 1/MinecraftMod/BetterRecipeBook/1.21.1/.gradle/loom-cache/remapped_mods/remapped/net/fabricmc/fabric-api/fabric-key-binding-api-v1-b9d2d3ba/1.0.47+0af3f5a719/fabric-key-binding-api-v1-b9d2d3ba-1.0.47+0af3f5a719.jar to classpath.
[19:58:51] [main/DEBUG] (FabricLoader/Knot) Adding /media/avalonia/data/MinecraftLib/versions/Vanilla Creamy Exploration 1/MinecraftMod/BetterRecipeBook/1.21.1/.gradle/loom-cache/remapped_mods/remapped/net/fabricmc/fabric-api/fabric-data-attachment-api-v1-b9d2d3ba/1.4.7+5b36e0f719/fabric-data-attachment-api-v1-b9d2d3ba-1.4.7+5b36e0f719.jar to classpath.
[19:58:51] [main/DEBUG] (FabricLoader/Knot) Adding /media/avalonia/data/MinecraftLib/versions/Vanilla Creamy Exploration 1/MinecraftMod/BetterRecipeBook/1.21.1/.gradle/loom-cache/remapped_mods/remapped/net/fabricmc/fabric-api/fabric-loot-api-v2-b9d2d3ba/3.0.15+3f89f5a519/fabric-loot-api-v2-b9d2d3ba-3.0.15+3f89f5a519.jar to classpath.
[19:58:51] [main/DEBUG] (FabricLoader/Knot) Adding /media/avalonia/data/MinecraftLib/versions/Vanilla Creamy Exploration 1/MinecraftMod/BetterRecipeBook/1.21.1/.gradle/loom-cache/remapped_mods/remapped/net/fabricmc/fabric-api/fabric-api-lookup-api-v1-b9d2d3ba/1.6.72+7b3d111d19/fabric-api-lookup-api-v1-b9d2d3ba-1.6.72+7b3d111d19.jar to classpath.
[19:58:51] [main/DEBUG] (FabricLoader/Knot) Adding /media/avalonia/data/MinecraftLib/versions/Vanilla Creamy Exploration 1/MinecraftMod/BetterRecipeBook/1.21.1/.gradle/loom-cache/remapped_mods/remapped/net/fabricmc/fabric-api/fabric-keybindings-v0-b9d2d3ba/0.2.45+df3654b319/fabric-keybindings-v0-b9d2d3ba-0.2.45+df3654b319.jar to classpath.
[19:58:51] [main/DEBUG] (FabricLoader/Knot) Adding /media/avalonia/data/MinecraftLib/versions/Vanilla Creamy Exploration 1/MinecraftMod/BetterRecipeBook/1.21.1/.gradle/loom-cache/remapped_mods/remapped/net/fabricmc/fabric-api/fabric-networking-api-v1-b9d2d3ba/4.3.1+d30f6a7919/fabric-networking-api-v1-b9d2d3ba-4.3.1+d30f6a7919.jar to classpath.
[19:58:51] [main/DEBUG] (FabricLoader/Knot) Adding /media/avalonia/data/MinecraftLib/versions/Vanilla Creamy Exploration 1/MinecraftMod/BetterRecipeBook/1.21.1/.gradle/loom-cache/remapped_mods/remapped/net/fabricmc/fabric-api/fabric-events-interaction-v0-b9d2d3ba/0.7.14+ba9dae0619/fabric-events-interaction-v0-b9d2d3ba-0.7.14+ba9dae0619.jar to classpath.
[19:58:51] [main/DEBUG] (FabricLoader/Knot) Adding /media/avalonia/data/MinecraftLib/versions/Vanilla Creamy Exploration 1/MinecraftMod/BetterRecipeBook/1.21.1/.gradle/loom-cache/remapped_mods/remapped/net/fabricmc/fabric-api/fabric-convention-tags-v1-b9d2d3ba/2.1.7+7f945d5b19/fabric-convention-tags-v1-b9d2d3ba-2.1.7+7f945d5b19.jar to classpath.
[19:58:51] [main/DEBUG] (FabricLoader/Knot) Adding /media/avalonia/data/MinecraftLib/versions/Vanilla Creamy Exploration 1/MinecraftMod/BetterRecipeBook/1.21.1/.gradle/loom-cache/remapped_mods/remapped/net/fabricmc/fabric-api/fabric-biome-api-v1-b9d2d3ba/13.0.31+d527f9fd19/fabric-biome-api-v1-b9d2d3ba-13.0.31+d527f9fd19.jar to classpath.
[19:58:51] [main/DEBUG] (FabricLoader/Knot) Adding /media/avalonia/data/MinecraftLib/versions/Vanilla Creamy Exploration 1/MinecraftMod/BetterRecipeBook/1.21.1/.gradle/loom-cache/remapped_mods/remapped/net/fabricmc/fabric-api/fabric-recipe-api-v1-b9d2d3ba/5.0.16+2475392c19/fabric-recipe-api-v1-b9d2d3ba-5.0.16+2475392c19.jar to classpath.
[19:58:51] [main/DEBUG] (FabricLoader/Knot) Adding /media/avalonia/data/MinecraftLib/versions/Vanilla Creamy Exploration 1/MinecraftMod/BetterRecipeBook/1.21.1/.gradle/loom-cache/remapped_mods/remapped/net/fabricmc/fabric-api/fabric-transitive-access-wideners-v1-b9d2d3ba/6.2.0+45b9699719/fabric-transitive-access-wideners-v1-b9d2d3ba-6.2.0+45b9699719.jar to classpath.
[19:58:51] [main/DEBUG] (FabricLoader/Entrypoint) Registering new-style initializer net.fabricmc.fabric.impl.resource.conditions.ResourceConditionsImpl for mod fabric-resource-conditions-api-v1 (key main)
[19:58:51] [main/DEBUG] (FabricLoader/Entrypoint) Registering new-style initializer net.fabricmc.fabric.impl.client.rendering.v0.RenderingCallbackInvoker for mod fabric-rendering-v0 (key client)
[19:58:51] [main/DEBUG] (FabricLoader/Entrypoint) Registering new-style initializer net.fabricmc.fabric.impl.client.registry.sync.FabricRegistryClientInit for mod fabric-registry-sync-v0 (key client)
[19:58:51] [main/DEBUG] (FabricLoader/Entrypoint) Registering new-style initializer net.fabricmc.fabric.impl.registry.sync.FabricRegistryInit for mod fabric-registry-sync-v0 (key main)
[19:58:51] [main/DEBUG] (FabricLoader/Entrypoint) Registering new-style initializer net.fabricmc.fabric.impl.gametest.FabricGameTestModInitializer for mod fabric-gametest-api-v1 (key main)
[19:58:51] [main/DEBUG] (FabricLoader/Entrypoint) Registering new-style initializer net.fabricmc.fabric.impl.client.indigo.Indigo for mod fabric-renderer-indigo (key client)
[19:58:51] [main/DEBUG] (FabricLoader/Entrypoint) Registering new-style initializer net.fabricmc.fabric.impl.tag.convention.v2.TranslationConventionLogWarnings for mod fabric-convention-tags-v2 (key main)
[19:58:51] [main/DEBUG] (FabricLoader/Entrypoint) Registering new-style initializer com.alonie.brbe.fabric.compat.jei.BetterRecipeBookJEIPlugin for mod brbe (key jei_mod_plugin)
[19:58:51] [main/DEBUG] (FabricLoader/Entrypoint) Registering new-style initializer com.alonie.brbe.fabric.ModMenuFabric for mod brbe (key modmenu)
[19:58:51] [main/DEBUG] (FabricLoader/Entrypoint) Registering new-style initializer com.alonie.brbe.fabric.BetterRecipeBookClientFabric for mod brbe (key client)
[19:58:51] [main/DEBUG] (FabricLoader/Entrypoint) Registering new-style initializer com.alonie.brbe.fabric.BetterRecipeBookFabric for mod brbe (key main)
[19:58:51] [main/DEBUG] (FabricLoader/Entrypoint) Registering new-style initializer net.fabricmc.fabric.impl.client.event.lifecycle.ClientLifecycleEventsImpl for mod fabric-lifecycle-events-v1 (key client)
[19:58:51] [main/DEBUG] (FabricLoader/Entrypoint) Registering new-style initializer net.fabricmc.fabric.impl.event.lifecycle.LifecycleEventsImpl for mod fabric-lifecycle-events-v1 (key main)
[19:58:51] [main/DEBUG] (FabricLoader/Entrypoint) Registering new-style initializer me.shedaniel.clothconfig2.fabric.ClothConfigModMenuDemo for mod cloth-config (key modmenu)
[19:58:51] [main/DEBUG] (FabricLoader/Entrypoint) Registering new-style initializer me.shedaniel.autoconfig.example.ExampleInits::exampleCommonInit for mod cloth-config (key client)
[19:58:51] [main/DEBUG] (FabricLoader/Entrypoint) Registering new-style initializer net.fabricmc.fabric.impl.screenhandler.client.ClientNetworking for mod fabric-screen-handler-api-v1 (key client)
[19:58:51] [main/DEBUG] (FabricLoader/Entrypoint) Registering new-style initializer net.fabricmc.fabric.impl.screenhandler.Networking for mod fabric-screen-handler-api-v1 (key main)
[19:58:51] [main/DEBUG] (FabricLoader/Entrypoint) Registering new-style initializer net.fabricmc.fabric.impl.command.v1.LegacyHandler for mod fabric-command-api-v1 (key main)
[19:58:51] [main/DEBUG] (FabricLoader/Entrypoint) Registering new-style initializer net.fabricmc.fabric.impl.attachment.client.AttachmentSyncClient for mod fabric-data-attachment-api-v1 (key client)
[19:58:51] [main/DEBUG] (FabricLoader/Entrypoint) Registering new-style initializer net.fabricmc.fabric.impl.attachment.AttachmentEntrypoint for mod fabric-data-attachment-api-v1 (key main)
[19:58:51] [main/DEBUG] (FabricLoader/Entrypoint) Registering new-style initializer net.fabricmc.fabric.impl.attachment.sync.AttachmentSync for mod fabric-data-attachment-api-v1 (key main)
[19:58:51] [main/DEBUG] (FabricLoader/Entrypoint) Registering new-style initializer net.fabricmc.fabric.impl.loot.v2.LootInitializer for mod fabric-loot-api-v2 (key main)
[19:58:51] [main/DEBUG] (FabricLoader/Entrypoint) Registering new-style initializer net.fabricmc.fabric.impl.lookup.ApiLookupImpl for mod fabric-api-lookup-api-v1 (key main)
[19:58:51] [main/DEBUG] (FabricLoader/Entrypoint) Registering new-style initializer net.fabricmc.fabric.impl.networking.client.ClientNetworkingImpl::clientInit for mod fabric-networking-api-v1 (key client)
[19:58:51] [main/DEBUG] (FabricLoader/Entrypoint) Registering new-style initializer net.fabricmc.fabric.impl.networking.CommonPacketsImpl::init for mod fabric-networking-api-v1 (key main)
[19:58:51] [main/DEBUG] (FabricLoader/Entrypoint) Registering new-style initializer net.fabricmc.fabric.impl.networking.NetworkingImpl::init for mod fabric-networking-api-v1 (key main)
[19:58:51] [main/DEBUG] (FabricLoader/Entrypoint) Registering new-style initializer net.fabricmc.fabric.impl.event.interaction.client.InteractionEventsRouterClient for mod fabric-events-interaction-v0 (key client)
[19:58:51] [main/DEBUG] (FabricLoader/Entrypoint) Registering new-style initializer net.fabricmc.fabric.impl.event.interaction.InteractionEventsRouter for mod fabric-events-interaction-v0 (key main)
[19:58:51] [main/DEBUG] (FabricLoader/Entrypoint) Registering new-style initializer net.fabricmc.fabric.impl.tag.convention.ConventionLogWarnings for mod fabric-convention-tags-v1 (key main)
[19:58:51] [main/DEBUG] (FabricLoader/Entrypoint) Registering new-style initializer net.fabricmc.fabric.impl.recipe.ingredient.client.CustomIngredientSyncClient for mod fabric-recipe-api-v1 (key client)
[19:58:51] [main/DEBUG] (FabricLoader/Entrypoint) Registering new-style initializer net.fabricmc.fabric.impl.recipe.ingredient.CustomIngredientInit for mod fabric-recipe-api-v1 (key main)
[19:58:51] [main/DEBUG] (FabricLoader/Entrypoint) Registering new-style initializer net.fabricmc.fabric.impl.recipe.ingredient.CustomIngredientSync for mod fabric-recipe-api-v1 (key main)
[19:58:51] [main/INFO] (FabricLoader/Mixin) SpongePowered MIXIN Subsystem Version=0.8.7 Source=file:/home/avalonia/.gradle/caches/modules-2/files-2.1/net.fabricmc/sponge-mixin/0.15.0+mixin.0.8.7/2ce1c5d57a061f3e259ec30b8b0cb2dc889c5156/sponge-mixin-0.15.0+mixin.0.8.7.jar Service=Knot/Fabric Env=CLIENT
[19:58:51] [main/DEBUG] (FabricLoader/Mixin) Initialising Mixin Platform Manager
[19:58:51] [main/DEBUG] (FabricLoader/Mixin) Adding mixin platform agents for container ContainerHandleURI(file:///home/avalonia/.gradle/caches/modules-2/files-2.1/net.fabricmc/fabric-loader/0.16.0/f159d2d7c743eb5dda5624fcd77883c4711be3b1/fabric-loader-0.16.0.jar)
[19:58:51] [main/DEBUG] (FabricLoader/Mixin) Instancing new MixinPlatformAgentDefault for ContainerHandleURI(file:///home/avalonia/.gradle/caches/modules-2/files-2.1/net.fabricmc/fabric-loader/0.16.0/f159d2d7c743eb5dda5624fcd77883c4711be3b1/fabric-loader-0.16.0.jar)
[19:58:51] [main/DEBUG] (FabricLoader/Mixin) MixinPlatformAgentDefault accepted container ContainerHandleURI(file:///home/avalonia/.gradle/caches/modules-2/files-2.1/net.fabricmc/fabric-loader/0.16.0/f159d2d7c743eb5dda5624fcd77883c4711be3b1/fabric-loader-0.16.0.jar)
[19:58:51] [main/DEBUG] (FabricLoader/Mixin) Instancing new MixinPlatformAgentDefault for ContainerHandleURI(file:///home/avalonia/.gradle/caches/modules-2/files-2.1/net.fabricmc/fabric-loader/0.16.0/f159d2d7c743eb5dda5624fcd77883c4711be3b1/fabric-loader-0.16.0.jar)
[19:58:51] [main/DEBUG] (FabricLoader/Mixin) MixinPlatformAgentDefault accepted container ContainerHandleURI(file:///home/avalonia/.gradle/caches/modules-2/files-2.1/net.fabricmc/fabric-loader/0.16.0/f159d2d7c743eb5dda5624fcd77883c4711be3b1/fabric-loader-0.16.0.jar)
[19:58:51] [main/DEBUG] (FabricLoader/Mixin) Processing prepare() for PlatformAgent[MixinPlatformAgentDefault:ContainerHandleURI(file:///home/avalonia/.gradle/caches/modules-2/files-2.1/net.fabricmc/fabric-loader/0.16.0/f159d2d7c743eb5dda5624fcd77883c4711be3b1/fabric-loader-0.16.0.jar)]
[19:58:51] [main/DEBUG] (FabricLoader/Mixin) Processing prepare() for PlatformAgent[MixinPlatformAgentDefault:ContainerHandleURI(file:///home/avalonia/.gradle/caches/modules-2/files-2.1/net.fabricmc/fabric-loader/0.16.0/f159d2d7c743eb5dda5624fcd77883c4711be3b1/fabric-loader-0.16.0.jar)]
[19:58:51] [main/INFO] (FabricLoader/Mixin) Loaded Fabric development mappings for mixin remapper!
[19:58:51] [main/DEBUG] (FabricLoader/Mixin) Compatibility level JAVA_17 specified by fabric-rendering-v1.mixins.json is higher than the maximum level supported by this version of mixin (JAVA_13).
[19:58:51] [main/INFO] (FabricLoader/Mixin) Compatibility level set to JAVA_17
[19:58:51] [main/DEBUG] (FabricLoader/Mixin) Mixin config fabric-rendering-v1.mixins.json does not specify "minVersion" or "requiredFeatures" property
[19:58:51] [main/DEBUG] (FabricLoader/Mixin) Compatibility level JAVA_21 specified by fabric-renderer-api-v1.mixins.json is higher than the maximum level supported by this version of mixin (JAVA_13).
[19:58:51] [main/INFO] (FabricLoader/Mixin) Compatibility level set to JAVA_21
[19:58:51] [main/DEBUG] (FabricLoader/Mixin) Mixin config fabric-renderer-api-v1.mixins.json does not specify "minVersion" or "requiredFeatures" property
[19:58:51] [main/DEBUG] (FabricLoader/Mixin) Compatibility level JAVA_17 specified by fabric-renderer-api-v1.debughud.mixins.json is higher than the maximum level supported by this version of mixin (JAVA_13).
[19:58:51] [main/DEBUG] (FabricLoader/Mixin) Mixin config fabric-renderer-api-v1.debughud.mixins.json does not specify "minVersion" or "requiredFeatures" property
[19:58:51] [main/DEBUG] (FabricLoader/Mixin) Compatibility level JAVA_17 specified by fabric-content-registries-v0.mixins.json is higher than the maximum level supported by this version of mixin (JAVA_13).
[19:58:51] [main/DEBUG] (FabricLoader/Mixin) Mixin config fabric-content-registries-v0.mixins.json does not specify "minVersion" or "requiredFeatures" property
[19:58:51] [main/DEBUG] (FabricLoader/Mixin) Compatibility level JAVA_17 specified by fabric-item-group-api-v1.mixins.json is higher than the maximum level supported by this version of mixin (JAVA_13).
[19:58:51] [main/DEBUG] (FabricLoader/Mixin) Mixin config fabric-item-group-api-v1.mixins.json does not specify "minVersion" or "requiredFeatures" property
[19:58:51] [main/DEBUG] (FabricLoader/Mixin) Compatibility level JAVA_17 specified by fabric-item-group-api-v1.client.mixins.json is higher than the maximum level supported by this version of mixin (JAVA_13).
[19:58:51] [main/DEBUG] (FabricLoader/Mixin) Mixin config fabric-item-group-api-v1.client.mixins.json does not specify "minVersion" or "requiredFeatures" property
[19:58:51] [main/DEBUG] (FabricLoader/Mixin) Compatibility level JAVA_17 specified by fabric-transfer-api-v1.mixins.json is higher than the maximum level supported by this version of mixin (JAVA_13).
[19:58:51] [main/DEBUG] (FabricLoader/Mixin) Mixin config fabric-transfer-api-v1.mixins.json does not specify "minVersion" or "requiredFeatures" property
[19:58:51] [main/DEBUG] (FabricLoader/Mixin) Compatibility level JAVA_17 specified by fabric-resource-conditions-api-v1.mixins.json is higher than the maximum level supported by this version of mixin (JAVA_13).
[19:58:51] [main/DEBUG] (FabricLoader/Mixin) Mixin config fabric-resource-conditions-api-v1.mixins.json does not specify "minVersion" or "requiredFeatures" property
[19:58:51] [main/DEBUG] (FabricLoader/Mixin) Compatibility level JAVA_17 specified by fabric-command-api-v2.mixins.json is higher than the maximum level supported by this version of mixin (JAVA_13).
[19:58:51] [main/DEBUG] (FabricLoader/Mixin) Mixin config fabric-command-api-v2.mixins.json does not specify "minVersion" or "requiredFeatures" property
[19:58:51] [main/DEBUG] (FabricLoader/Mixin) Compatibility level JAVA_17 specified by fabric-command-api-v2.client.mixins.json is higher than the maximum level supported by this version of mixin (JAVA_13).
[19:58:51] [main/DEBUG] (FabricLoader/Mixin) Mixin config fabric-command-api-v2.client.mixins.json does not specify "minVersion" or "requiredFeatures" property
[19:58:51] [main/DEBUG] (FabricLoader/Mixin) Compatibility level JAVA_17 specified by fabric-block-api-v1.mixins.json is higher than the maximum level supported by this version of mixin (JAVA_13).
[19:58:51] [main/DEBUG] (FabricLoader/Mixin) Mixin config fabric-block-api-v1.mixins.json does not specify "minVersion" or "requiredFeatures" property
[19:58:51] [main/DEBUG] (FabricLoader/Mixin) Compatibility level JAVA_17 specified by fabric-rendering-fluids-v1.mixins.json is higher than the maximum level supported by this version of mixin (JAVA_13).
[19:58:51] [main/DEBUG] (FabricLoader/Mixin) Mixin config fabric-rendering-fluids-v1.mixins.json does not specify "minVersion" or "requiredFeatures" property
[19:58:51] [main/DEBUG] (FabricLoader/Mixin) Compatibility level JAVA_17 specified by fabric-rendering-data-attachment-v1.mixins.json is higher than the maximum level supported by this version of mixin (JAVA_13).
[19:58:51] [main/DEBUG] (FabricLoader/Mixin) Mixin config fabric-rendering-data-attachment-v1.mixins.json does not specify "minVersion" or "requiredFeatures" property
[19:58:51] [main/DEBUG] (FabricLoader/Mixin) Compatibility level JAVA_17 specified by fabric-rendering-data-attachment-v1.client.mixins.json is higher than the maximum level supported by this version of mixin (JAVA_13).
[19:58:51] [main/DEBUG] (FabricLoader/Mixin) Mixin config fabric-rendering-data-attachment-v1.client.mixins.json does not specify "minVersion" or "requiredFeatures" property
[19:58:51] [main/DEBUG] (FabricLoader/Mixin) Compatibility level JAVA_17 specified by fabric-particles-v1.client.mixins.json is higher than the maximum level supported by this version of mixin (JAVA_13).
[19:58:51] [main/DEBUG] (FabricLoader/Mixin) Mixin config fabric-particles-v1.client.mixins.json does not specify "minVersion" or "requiredFeatures" property
[19:58:51] [main/DEBUG] (FabricLoader/Mixin) Compatibility level JAVA_17 specified by fabric-screen-api-v1.mixins.json is higher than the maximum level supported by this version of mixin (JAVA_13).
[19:58:51] [main/DEBUG] (FabricLoader/Mixin) Mixin config fabric-screen-api-v1.mixins.json does not specify "minVersion" or "requiredFeatures" property
[19:58:51] [main/DEBUG] (FabricLoader/Mixin) Compatibility level JAVA_17 specified by fabric-crash-report-info-v1.mixins.json is higher than the maximum level supported by this version of mixin (JAVA_13).
[19:58:51] [main/DEBUG] (FabricLoader/Mixin) Mixin config fabric-crash-report-info-v1.mixins.json does not specify "minVersion" or "requiredFeatures" property
[19:58:51] [main/DEBUG] (FabricLoader/Mixin) Compatibility level JAVA_17 specified by fabric-dimensions-v1.mixins.json is higher than the maximum level supported by this version of mixin (JAVA_13).
[19:58:51] [main/DEBUG] (FabricLoader/Mixin) Mixin config fabric-dimensions-v1.mixins.json does not specify "minVersion" or "requiredFeatures" property
[19:58:51] [main/DEBUG] (FabricLoader/Mixin) Compatibility level JAVA_17 specified by fabric-blockrenderlayer-v1.mixins.json is higher than the maximum level supported by this version of mixin (JAVA_13).
[19:58:51] [main/DEBUG] (FabricLoader/Mixin) Mixin config fabric-blockrenderlayer-v1.mixins.json does not specify "minVersion" or "requiredFeatures" property
[19:58:51] [main/DEBUG] (FabricLoader/Mixin) Compatibility level JAVA_17 specified by fabric-registry-sync-v0.mixins.json is higher than the maximum level supported by this version of mixin (JAVA_13).
[19:58:51] [main/DEBUG] (FabricLoader/Mixin) Mixin config fabric-registry-sync-v0.mixins.json does not specify "minVersion" or "requiredFeatures" property
[19:58:51] [main/DEBUG] (FabricLoader/Mixin) Compatibility level JAVA_17 specified by fabric-registry-sync-v0.client.mixins.json is higher than the maximum level supported by this version of mixin (JAVA_13).
[19:58:51] [main/DEBUG] (FabricLoader/Mixin) Mixin config fabric-registry-sync-v0.client.mixins.json does not specify "minVersion" or "requiredFeatures" property
[19:58:51] [main/DEBUG] (FabricLoader/Mixin) Compatibility level JAVA_17 specified by fabric-resource-loader-v0.mixins.json is higher than the maximum level supported by this version of mixin (JAVA_13).
[19:58:51] [main/DEBUG] (FabricLoader/Mixin) Mixin config fabric-resource-loader-v0.mixins.json does not specify "minVersion" or "requiredFeatures" property
[19:58:51] [main/DEBUG] (FabricLoader/Mixin) Compatibility level JAVA_17 specified by fabric-resource-loader-v0.client.mixins.json is higher than the maximum level supported by this version of mixin (JAVA_13).
[19:58:51] [main/DEBUG] (FabricLoader/Mixin) Mixin config fabric-resource-loader-v0.client.mixins.json does not specify "minVersion" or "requiredFeatures" property
[19:58:51] [main/DEBUG] (FabricLoader/Mixin) Compatibility level JAVA_17 specified by fabric-game-rule-api-v1.mixins.json is higher than the maximum level supported by this version of mixin (JAVA_13).
[19:58:51] [main/DEBUG] (FabricLoader/Mixin) Mixin config fabric-game-rule-api-v1.mixins.json does not specify "minVersion" or "requiredFeatures" property
[19:58:51] [main/DEBUG] (FabricLoader/Mixin) Compatibility level JAVA_17 specified by fabric-game-rule-api-v1.client.mixins.json is higher than the maximum level supported by this version of mixin (JAVA_13).
[19:58:51] [main/DEBUG] (FabricLoader/Mixin) Mixin config fabric-game-rule-api-v1.client.mixins.json does not specify "minVersion" or "requiredFeatures" property
[19:58:51] [main/DEBUG] (FabricLoader/Mixin) Compatibility level JAVA_17 specified by fabric-block-view-api-v2.mixins.json is higher than the maximum level supported by this version of mixin (JAVA_13).
[19:58:51] [main/DEBUG] (FabricLoader/Mixin) Mixin config fabric-block-view-api-v2.mixins.json does not specify "minVersion" or "requiredFeatures" property
[19:58:51] [main/DEBUG] (FabricLoader/Mixin) Compatibility level JAVA_17 specified by fabric-block-view-api-v2.client.mixins.json is higher than the maximum level supported by this version of mixin (JAVA_13).
[19:58:51] [main/DEBUG] (FabricLoader/Mixin) Mixin config fabric-block-view-api-v2.client.mixins.json does not specify "minVersion" or "requiredFeatures" property
[19:58:51] [main/DEBUG] (FabricLoader/Mixin) Compatibility level JAVA_17 specified by fabric-item-api-v1.mixins.json is higher than the maximum level supported by this version of mixin (JAVA_13).
[19:58:51] [main/DEBUG] (FabricLoader/Mixin) Mixin config fabric-item-api-v1.mixins.json does not specify "minVersion" or "requiredFeatures" property
[19:58:51] [main/DEBUG] (FabricLoader/Mixin) Compatibility level JAVA_17 specified by fabric-item-api-v1.client.mixins.json is higher than the maximum level supported by this version of mixin (JAVA_13).
[19:58:51] [main/DEBUG] (FabricLoader/Mixin) Mixin config fabric-item-api-v1.client.mixins.json does not specify "minVersion" or "requiredFeatures" property
[19:58:51] [main/DEBUG] (FabricLoader/Mixin) Compatibility level JAVA_17 specified by fabric-gametest-api-v1.mixins.json is higher than the maximum level supported by this version of mixin (JAVA_13).
[19:58:51] [main/DEBUG] (FabricLoader/Mixin) Mixin config fabric-gametest-api-v1.mixins.json does not specify "minVersion" or "requiredFeatures" property
[19:58:51] [main/DEBUG] (FabricLoader/Mixin) Compatibility level JAVA_17 specified by fabric-loot-api-v3.mixins.json is higher than the maximum level supported by this version of mixin (JAVA_13).
[19:58:51] [main/DEBUG] (FabricLoader/Mixin) Mixin config fabric-loot-api-v3.mixins.json does not specify "minVersion" or "requiredFeatures" property
[19:58:51] [main/DEBUG] (FabricLoader/Mixin) Compatibility level JAVA_17 specified by fabric-object-builder-v1.mixins.json is higher than the maximum level supported by this version of mixin (JAVA_13).
[19:58:51] [main/DEBUG] (FabricLoader/Mixin) Mixin config fabric-object-builder-v1.mixins.json does not specify "minVersion" or "requiredFeatures" property
[19:58:51] [main/DEBUG] (FabricLoader/Mixin) Compatibility level JAVA_17 specified by fabric-object-builder-v1.client.mixins.json is higher than the maximum level supported by this version of mixin (JAVA_13).
[19:58:51] [main/DEBUG] (FabricLoader/Mixin) Mixin config fabric-object-builder-v1.client.mixins.json does not specify "minVersion" or "requiredFeatures" property
[19:58:51] [main/DEBUG] (FabricLoader/Mixin) Mixin config fabric-renderer-indigo.mixins.json does not specify "minVersion" or "requiredFeatures" property
[19:58:51] [main/DEBUG] (FabricLoader/Mixin) Compatibility level JAVA_17 specified by fabric-convention-tags-api-v2.mixins.json is higher than the maximum level supported by this version of mixin (JAVA_13).
[19:58:51] [main/DEBUG] (FabricLoader/Mixin) Mixin config fabric-convention-tags-api-v2.mixins.json does not specify "minVersion" or "requiredFeatures" property
[19:58:51] [main/DEBUG] (FabricLoader/Mixin) Compatibility level JAVA_16 specified by mixins.brbe.json is higher than the maximum level supported by this version of mixin (JAVA_13).
[19:58:51] [main/DEBUG] (FabricLoader/Mixin) Compatibility level JAVA_16 specified by mixins.brbe-common.json is higher than the maximum level supported by this version of mixin (JAVA_13).
[19:58:51] [main/DEBUG] (FabricLoader/Mixin) Compatibility level JAVA_16 specified by mixins.brbe-common-compat.json is higher than the maximum level supported by this version of mixin (JAVA_13).
[19:58:51] [main/DEBUG] (FabricLoader/Mixin) Compatibility level JAVA_16 specified by mixins.brbe-jei.json is higher than the maximum level supported by this version of mixin (JAVA_13).
[19:58:51] [main/DEBUG] (FabricLoader/Mixin) Compatibility level JAVA_16 specified by mixins.brbe-rei-common.json is higher than the maximum level supported by this version of mixin (JAVA_13).
[19:58:51] [main/DEBUG] (FabricLoader/Mixin) Compatibility level JAVA_17 specified by fabric-model-loading-api-v1.mixins.json is higher than the maximum level supported by this version of mixin (JAVA_13).
[19:58:51] [main/DEBUG] (FabricLoader/Mixin) Mixin config fabric-model-loading-api-v1.mixins.json does not specify "minVersion" or "requiredFeatures" property
[19:58:51] [main/DEBUG] (FabricLoader/Mixin) Compatibility level JAVA_17 specified by fabric-message-api-v1.mixins.json is higher than the maximum level supported by this version of mixin (JAVA_13).
[19:58:51] [main/DEBUG] (FabricLoader/Mixin) Mixin config fabric-message-api-v1.mixins.json does not specify "minVersion" or "requiredFeatures" property
[19:58:51] [main/DEBUG] (FabricLoader/Mixin) Compatibility level JAVA_17 specified by fabric-message-api-v1.client.mixins.json is higher than the maximum level supported by this version of mixin (JAVA_13).
[19:58:51] [main/DEBUG] (FabricLoader/Mixin) Mixin config fabric-message-api-v1.client.mixins.json does not specify "minVersion" or "requiredFeatures" property
[19:58:51] [main/DEBUG] (FabricLoader/Mixin) Compatibility level JAVA_17 specified by fabric-lifecycle-events-v1.mixins.json is higher than the maximum level supported by this version of mixin (JAVA_13).
[19:58:51] [main/DEBUG] (FabricLoader/Mixin) Mixin config fabric-lifecycle-events-v1.mixins.json does not specify "minVersion" or "requiredFeatures" property
[19:58:51] [main/DEBUG] (FabricLoader/Mixin) Compatibility level JAVA_17 specified by fabric-lifecycle-events-v1.client.mixins.json is higher than the maximum level supported by this version of mixin (JAVA_13).
[19:58:51] [main/DEBUG] (FabricLoader/Mixin) Mixin config fabric-lifecycle-events-v1.client.mixins.json does not specify "minVersion" or "requiredFeatures" property
[19:58:51] [main/DEBUG] (FabricLoader/Mixin) Compatibility level JAVA_17 specified by fabric-screen-handler-api-v1.mixins.json is higher than the maximum level supported by this version of mixin (JAVA_13).
[19:58:51] [main/DEBUG] (FabricLoader/Mixin) Mixin config fabric-screen-handler-api-v1.mixins.json does not specify "minVersion" or "requiredFeatures" property
[19:58:51] [main/DEBUG] (FabricLoader/Mixin) Compatibility level JAVA_17 specified by fabric-data-generation-api-v1.mixins.json is higher than the maximum level supported by this version of mixin (JAVA_13).
[19:58:51] [main/DEBUG] (FabricLoader/Mixin) Mixin config fabric-data-generation-api-v1.mixins.json does not specify "minVersion" or "requiredFeatures" property
[19:58:51] [main/DEBUG] (FabricLoader/Mixin) Compatibility level JAVA_17 specified by fabric-data-generation-api-v1.client.mixins.json is higher than the maximum level supported by this version of mixin (JAVA_13).
[19:58:51] [main/DEBUG] (FabricLoader/Mixin) Mixin config fabric-data-generation-api-v1.client.mixins.json does not specify "minVersion" or "requiredFeatures" property
[19:58:51] [main/DEBUG] (FabricLoader/Mixin) Compatibility level JAVA_17 specified by fabric-sound-api-v1.mixins.json is higher than the maximum level supported by this version of mixin (JAVA_13).
[19:58:51] [main/DEBUG] (FabricLoader/Mixin) Mixin config fabric-sound-api-v1.mixins.json does not specify "minVersion" or "requiredFeatures" property
[19:58:51] [main/DEBUG] (FabricLoader/Mixin) Compatibility level JAVA_17 specified by fabric-entity-events-v1.mixins.json is higher than the maximum level supported by this version of mixin (JAVA_13).
[19:58:51] [main/DEBUG] (FabricLoader/Mixin) Mixin config fabric-entity-events-v1.mixins.json does not specify "minVersion" or "requiredFeatures" property
[19:58:51] [main/DEBUG] (FabricLoader/Mixin) Compatibility level JAVA_17 specified by fabric-entity-events-v1.client.mixins.json is higher than the maximum level supported by this version of mixin (JAVA_13).
[19:58:51] [main/DEBUG] (FabricLoader/Mixin) Mixin config fabric-entity-events-v1.client.mixins.json does not specify "minVersion" or "requiredFeatures" property
[19:58:51] [main/DEBUG] (FabricLoader/Mixin) Compatibility level JAVA_17 specified by fabric-key-binding-api-v1.mixins.json is higher than the maximum level supported by this version of mixin (JAVA_13).
[19:58:51] [main/DEBUG] (FabricLoader/Mixin) Mixin config fabric-key-binding-api-v1.mixins.json does not specify "minVersion" or "requiredFeatures" property
[19:58:51] [main/DEBUG] (FabricLoader/Mixin) Compatibility level JAVA_17 specified by fabric-data-attachment-api-v1.mixins.json is higher than the maximum level supported by this version of mixin (JAVA_13).
[19:58:51] [main/DEBUG] (FabricLoader/Mixin) Mixin config fabric-data-attachment-api-v1.mixins.json does not specify "minVersion" or "requiredFeatures" property
[19:58:51] [main/DEBUG] (FabricLoader/Mixin) Compatibility level JAVA_17 specified by fabric-data-attachment-api-v1.client.mixins.json is higher than the maximum level supported by this version of mixin (JAVA_13).
[19:58:51] [main/DEBUG] (FabricLoader/Mixin) Mixin config fabric-data-attachment-api-v1.client.mixins.json does not specify "minVersion" or "requiredFeatures" property
[19:58:51] [main/DEBUG] (FabricLoader/Mixin) Compatibility level JAVA_17 specified by fabric-loot-api-v2.mixins.json is higher than the maximum level supported by this version of mixin (JAVA_13).
[19:58:51] [main/DEBUG] (FabricLoader/Mixin) Mixin config fabric-loot-api-v2.mixins.json does not specify "minVersion" or "requiredFeatures" property
[19:58:51] [main/DEBUG] (FabricLoader/Mixin) Compatibility level JAVA_17 specified by fabric-api-lookup-api-v1.mixins.json is higher than the maximum level supported by this version of mixin (JAVA_13).
[19:58:51] [main/DEBUG] (FabricLoader/Mixin) Mixin config fabric-api-lookup-api-v1.mixins.json does not specify "minVersion" or "requiredFeatures" property
[19:58:51] [main/DEBUG] (FabricLoader/Mixin) Compatibility level JAVA_17 specified by fabric-networking-api-v1.mixins.json is higher than the maximum level supported by this version of mixin (JAVA_13).
[19:58:51] [main/DEBUG] (FabricLoader/Mixin) Mixin config fabric-networking-api-v1.mixins.json does not specify "minVersion" or "requiredFeatures" property
[19:58:51] [main/DEBUG] (FabricLoader/Mixin) Compatibility level JAVA_17 specified by fabric-networking-api-v1.client.mixins.json is higher than the maximum level supported by this version of mixin (JAVA_13).
[19:58:51] [main/DEBUG] (FabricLoader/Mixin) Mixin config fabric-networking-api-v1.client.mixins.json does not specify "minVersion" or "requiredFeatures" property
[19:58:51] [main/DEBUG] (FabricLoader/Mixin) Compatibility level JAVA_17 specified by fabric-events-interaction-v0.mixins.json is higher than the maximum level supported by this version of mixin (JAVA_13).
[19:58:51] [main/DEBUG] (FabricLoader/Mixin) Mixin config fabric-events-interaction-v0.mixins.json does not specify "minVersion" or "requiredFeatures" property
[19:58:51] [main/DEBUG] (FabricLoader/Mixin) Compatibility level JAVA_17 specified by fabric-events-interaction-v0.client.mixins.json is higher than the maximum level supported by this version of mixin (JAVA_13).
[19:58:51] [main/DEBUG] (FabricLoader/Mixin) Mixin config fabric-events-interaction-v0.client.mixins.json does not specify "minVersion" or "requiredFeatures" property
[19:58:51] [main/DEBUG] (FabricLoader/Mixin) Compatibility level JAVA_17 specified by fabric-biome-api-v1.mixins.json is higher than the maximum level supported by this version of mixin (JAVA_13).
[19:58:51] [main/DEBUG] (FabricLoader/Mixin) Mixin config fabric-biome-api-v1.mixins.json does not specify "minVersion" or "requiredFeatures" property
[19:58:51] [main/DEBUG] (FabricLoader/Mixin) Compatibility level JAVA_17 specified by fabric-recipe-api-v1.mixins.json is higher than the maximum level supported by this version of mixin (JAVA_13).
[19:58:51] [main/DEBUG] (FabricLoader/Mixin) Mixin config fabric-recipe-api-v1.mixins.json does not specify "minVersion" or "requiredFeatures" property
[19:58:51] [main/DEBUG] (FabricLoader/Knot) Adding /media/avalonia/data/MinecraftLib/versions/Vanilla Creamy Exploration 1/MinecraftMod/BetterRecipeBook/1.21.1/.gradle/loom-cache/minecraftMaven/net/minecraft/minecraft-merged-a1c774aec4/1.21.1-loom.mappings.1_21_1.layered+hash.40359-v2/minecraft-merged-a1c774aec4-1.21.1-loom.mappings.1_21_1.layered+hash.40359-v2.jar to classpath.
[19:58:51] [main/DEBUG] (FabricLoader/Knot) Adding /media/avalonia/data/MinecraftLib/versions/Vanilla Creamy Exploration 1/MinecraftMod/BetterRecipeBook/1.21.1/fabric/build/classes/java/main to classpath.
[19:58:51] [main/DEBUG] (FabricLoader/Knot) Adding /media/avalonia/data/MinecraftLib/versions/Vanilla Creamy Exploration 1/MinecraftMod/BetterRecipeBook/1.21.1/fabric/build/resources/main to classpath.
[19:58:51] [main/DEBUG] (FabricLoader/Knot) Adding /home/avalonia/.gradle/caches/fabric-loom/1.21.1/loom.mappings.1_21_1.layered+hash.40359-v2/mappings.jar to classpath.
[19:58:51] [main/DEBUG] (FabricLoader/Knot) Adding /home/avalonia/.gradle/caches/modules-2/files-2.1/dev.architectury/architectury-transformer/5.2.91/3e457b0162b88609887db77e727f886fcee37f3a/architectury-transformer-5.2.91-agent.jar to classpath.
[19:58:51] [main/DEBUG] (FabricLoader/Knot) Adding /home/avalonia/.gradle/caches/modules-2/files-2.1/dev.architectury/architectury-transformer/5.2.91/405782a5ff1efc672fb42d7c96c7bfd634500f7/architectury-transformer-5.2.91-runtime.jar to classpath.
[19:58:51] [main/DEBUG] (FabricLoader/Knot) Adding /media/avalonia/data/MinecraftLib/versions/Vanilla Creamy Exploration 1/MinecraftMod/BetterRecipeBook/1.21.1/common/build/devlibs/BetterRecipeBookExtended-2.1.5-dev.jar to classpath.
[19:58:51] [main/DEBUG] (FabricLoader/Knot) Adding /home/avalonia/.gradle/caches/modules-2/files-2.1/io.github.llamalad7/mixinextras-fabric/0.4.0/37e5d2590769ab4e465dd140f8f1efe42f5fda9e/mixinextras-fabric-0.4.0.jar to classpath.
[19:58:51] [main/DEBUG] (FabricLoader/Knot) Adding /home/avalonia/.gradle/caches/modules-2/files-2.1/net.fabricmc/dev-launch-injector/0.2.1+build.8/da8bef7e6e2f952da707f282bdb46882a0fce5e3/dev-launch-injector-0.2.1+build.8.jar to classpath.
[19:58:51] [main/DEBUG] (FabricLoader/Knot) Adding /home/avalonia/.gradle/caches/modules-2/files-2.1/com.github.oshi/oshi-core/6.4.10/b1d8ab82d11d92fd639b56d639f8f46f739dd5fa/oshi-core-6.4.10.jar to classpath.
[19:58:51] [main/DEBUG] (FabricLoader/Knot) Adding /home/avalonia/.gradle/caches/modules-2/files-2.1/com.google.guava/failureaccess/1.0.1/1dcf1de382a0bf95a3d8b0849546c88bac1292c9/failureaccess-1.0.1.jar to classpath.
[19:58:51] [main/DEBUG] (FabricLoader/Knot) Adding /home/avalonia/.gradle/caches/modules-2/files-2.1/com.google.guava/guava/32.1.2-jre/5e64ec7e056456bef3a4bc4c6fdaef71e8ab6318/guava-32.1.2-jre.jar to classpath.
[19:58:51] [main/DEBUG] (FabricLoader/Knot) Adding /home/avalonia/.gradle/caches/modules-2/files-2.1/com.ibm.icu/icu4j/73.2/61ad4ef7f9131fcf6d25c34b817f90d6da06c9e9/icu4j-73.2.jar to classpath.
[19:58:51] [main/DEBUG] (FabricLoader/Knot) Adding /home/avalonia/.gradle/caches/modules-2/files-2.1/com.mojang/blocklist/1.0.10/5c685c5ffa94c4cd39496c7184c1d122e515ecef/blocklist-1.0.10.jar to classpath.
[19:58:51] [main/DEBUG] (FabricLoader/Knot) Adding /home/avalonia/.gradle/caches/modules-2/files-2.1/com.mojang/brigadier/1.3.10/d15b53a14cf20fdcaa98f731af5dda654452c010/brigadier-1.3.10.jar to classpath.
[19:58:51] [main/DEBUG] (FabricLoader/Knot) Adding /home/avalonia/.gradle/caches/modules-2/files-2.1/com.mojang/datafixerupper/8.0.16/67d4de6d7f95d89bcf5862995fb854ebaec02a34/datafixerupper-8.0.16.jar to classpath.
[19:58:51] [main/DEBUG] (FabricLoader/Knot) Adding /home/avalonia/.gradle/caches/modules-2/files-2.1/com.mojang/patchy/2.2.10/da05971b07cbb379d002cf7eaec6a2048211fefc/patchy-2.2.10.jar to classpath.
[19:58:51] [main/DEBUG] (FabricLoader/Knot) Adding /home/avalonia/.gradle/caches/modules-2/files-2.1/com.mojang/text2speech/1.17.9/3cad216e3a7f0c19b4b394388bc9ffc446f13b14/text2speech-1.17.9.jar to classpath.
[19:58:51] [main/DEBUG] (FabricLoader/Knot) Adding /home/avalonia/.gradle/caches/modules-2/files-2.1/commons-codec/commons-codec/1.16.0/4e3eb3d79888d76b54e28b350915b5dc3919c9de/commons-codec-1.16.0.jar to classpath.
[19:58:51] [main/DEBUG] (FabricLoader/Knot) Adding /home/avalonia/.gradle/caches/modules-2/files-2.1/commons-io/commons-io/2.15.1/f11560da189ab563a5c8e351941415430e9304ea/commons-io-2.15.1.jar to classpath.
[19:58:51] [main/DEBUG] (FabricLoader/Knot) Adding /home/avalonia/.gradle/caches/modules-2/files-2.1/commons-logging/commons-logging/1.2/4bfc12adfe4842bf07b657f0369c4cb522955686/commons-logging-1.2.jar to classpath.
[19:58:51] [main/DEBUG] (FabricLoader/Knot) Adding /home/avalonia/.gradle/caches/modules-2/files-2.1/io.netty/netty-buffer/4.1.97.Final/f8f3d8644afa5e6e1a40a3a6aeb9d9aa970ecb4f/netty-buffer-4.1.97.Final.jar to classpath.
[19:58:51] [main/DEBUG] (FabricLoader/Knot) Adding /home/avalonia/.gradle/caches/modules-2/files-2.1/io.netty/netty-codec/4.1.97.Final/384ba4d75670befbedb45c4d3b497a93639c206d/netty-codec-4.1.97.Final.jar to classpath.
[19:58:51] [main/DEBUG] (FabricLoader/Knot) Adding /home/avalonia/.gradle/caches/modules-2/files-2.1/io.netty/netty-common/4.1.97.Final/7cceacaf11df8dc63f23d0fb58e9d4640fc88404/netty-common-4.1.97.Final.jar to classpath.
[19:58:51] [main/DEBUG] (FabricLoader/Knot) Adding /home/avalonia/.gradle/caches/modules-2/files-2.1/io.netty/netty-handler/4.1.97.Final/abb86c6906bf512bf2b797a41cd7d2e8d3cd7c36/netty-handler-4.1.97.Final.jar to classpath.
[19:58:51] [main/DEBUG] (FabricLoader/Knot) Adding /home/avalonia/.gradle/caches/modules-2/files-2.1/io.netty/netty-resolver/4.1.97.Final/cec8348108dc76c47cf87c669d514be52c922144/netty-resolver-4.1.97.Final.jar to classpath.
[19:58:51] [main/DEBUG] (FabricLoader/Knot) Adding /home/avalonia/.gradle/caches/modules-2/files-2.1/io.netty/netty-transport-classes-epoll/4.1.97.Final/795da37ded759e862457a82d9d92c4d39ce8ecee/netty-transport-classes-epoll-4.1.97.Final.jar to classpath.
[19:58:51] [main/DEBUG] (FabricLoader/Knot) Adding /home/avalonia/.gradle/caches/modules-2/files-2.1/io.netty/netty-transport-native-epoll/4.1.97.Final/5514744c588190ffda076b35a9b8c9f24946a960/netty-transport-native-epoll-4.1.97.Final-linux-aarch_64.jar to classpath.
[19:58:51] [main/DEBUG] (FabricLoader/Knot) Adding /home/avalonia/.gradle/caches/modules-2/files-2.1/io.netty/netty-transport-native-epoll/4.1.97.Final/54188f271e388e7f313aea995e82f58ce2cdb809/netty-transport-native-epoll-4.1.97.Final-linux-x86_64.jar to classpath.
[19:58:51] [main/DEBUG] (FabricLoader/Knot) Adding /home/avalonia/.gradle/caches/modules-2/files-2.1/io.netty/netty-transport-native-unix-common/4.1.97.Final/d469d84265ab70095b01b40886cabdd433b6e664/netty-transport-native-unix-common-4.1.97.Final.jar to classpath.
[19:58:51] [main/DEBUG] (FabricLoader/Knot) Adding /home/avalonia/.gradle/caches/modules-2/files-2.1/io.netty/netty-transport/4.1.97.Final/f37380d23c9bb079bc702910833b2fd532c9abd0/netty-transport-4.1.97.Final.jar to classpath.
[19:58:51] [main/DEBUG] (FabricLoader/Knot) Adding /home/avalonia/.gradle/caches/modules-2/files-2.1/it.unimi.dsi/fastutil/8.5.12/c24946d46824bd528054bface3231d2ecb7e95e8/fastutil-8.5.12.jar to classpath.
[19:58:51] [main/DEBUG] (FabricLoader/Knot) Adding /home/avalonia/.gradle/caches/modules-2/files-2.1/net.java.dev.jna/jna-platform/5.14.0/28934d48aed814f11e4c584da55c49fa7032b31b/jna-platform-5.14.0.jar to classpath.
[19:58:51] [main/DEBUG] (FabricLoader/Knot) Adding /home/avalonia/.gradle/caches/modules-2/files-2.1/net.java.dev.jna/jna/5.14.0/67bf3eaea4f0718cb376a181a629e5f88fa1c9dd/jna-5.14.0.jar to classpath.
[19:58:51] [main/DEBUG] (FabricLoader/Knot) Adding /home/avalonia/.gradle/caches/modules-2/files-2.1/net.sf.jopt-simple/jopt-simple/5.0.4/4fdac2fbe92dfad86aa6e9301736f6b4342a3f5c/jopt-simple-5.0.4.jar to classpath.
[19:58:51] [main/DEBUG] (FabricLoader/Knot) Adding /home/avalonia/.gradle/caches/modules-2/files-2.1/org.apache.commons/commons-compress/1.26.0/659feffdd12280201c8aacb8f7be94f9a883c824/commons-compress-1.26.0.jar to classpath.
[19:58:51] [main/DEBUG] (FabricLoader/Knot) Adding /home/avalonia/.gradle/caches/modules-2/files-2.1/org.apache.commons/commons-lang3/3.14.0/1ed471194b02f2c6cb734a0cd6f6f107c673afae/commons-lang3-3.14.0.jar to classpath.
[19:58:51] [main/DEBUG] (FabricLoader/Knot) Adding /home/avalonia/.gradle/caches/modules-2/files-2.1/org.apache.httpcomponents/httpclient/4.5.13/e5f6cae5ca7ecaac1ec2827a9e2d65ae2869cada/httpclient-4.5.13.jar to classpath.
[19:58:51] [main/DEBUG] (FabricLoader/Knot) Adding /home/avalonia/.gradle/caches/modules-2/files-2.1/org.apache.httpcomponents/httpcore/4.4.16/51cf043c87253c9f58b539c9f7e44c8894223850/httpcore-4.4.16.jar to classpath.
[19:58:51] [main/DEBUG] (FabricLoader/Knot) Adding /home/avalonia/.gradle/caches/modules-2/files-2.1/org.jcraft/jorbis/0.0.17/8872d22b293e8f5d7d56ff92be966e6dc28ebdc6/jorbis-0.0.17.jar to classpath.
[19:58:51] [main/DEBUG] (FabricLoader/Knot) Adding /home/avalonia/.gradle/caches/modules-2/files-2.1/org.joml/joml/1.10.5/22566d58af70ad3d72308bab63b8339906deb649/joml-1.10.5.jar to classpath.
[19:58:51] [main/DEBUG] (FabricLoader/Knot) Adding /home/avalonia/.gradle/caches/modules-2/files-2.1/org.lwjgl/lwjgl-freetype/3.3.3/a0db6c84a8becc8ca05f9dbfa985edc348a824c7/lwjgl-freetype-3.3.3.jar to classpath.
[19:58:51] [main/DEBUG] (FabricLoader/Knot) Adding /home/avalonia/.gradle/caches/modules-2/files-2.1/org.lwjgl/lwjgl-freetype/3.3.3/149070a5480900347071b7074779531f25a6e3dc/lwjgl-freetype-3.3.3-natives-linux.jar to classpath.
[19:58:51] [main/DEBUG] (FabricLoader/Knot) Adding /home/avalonia/.gradle/caches/modules-2/files-2.1/org.lwjgl/lwjgl-glfw/3.3.3/efa1eb78c5ccd840e9f329717109b5e892d72f8e/lwjgl-glfw-3.3.3.jar to classpath.
[19:58:51] [main/DEBUG] (FabricLoader/Knot) Adding /home/avalonia/.gradle/caches/modules-2/files-2.1/org.lwjgl/lwjgl-glfw/3.3.3/a03684c5e4b1b1dbbe0d29dbbdc27b985b6840f2/lwjgl-glfw-3.3.3-natives-linux.jar to classpath.
[19:58:51] [main/DEBUG] (FabricLoader/Knot) Adding /home/avalonia/.gradle/caches/modules-2/files-2.1/org.lwjgl/lwjgl-jemalloc/3.3.3/b543467b7ff3c6920539a88ee602d34098628be5/lwjgl-jemalloc-3.3.3.jar to classpath.
[19:58:51] [main/DEBUG] (FabricLoader/Knot) Adding /home/avalonia/.gradle/caches/modules-2/files-2.1/org.lwjgl/lwjgl-jemalloc/3.3.3/4f86728bf449b1dd61251c4e0ac01df1389cb51e/lwjgl-jemalloc-3.3.3-natives-linux.jar to classpath.
[19:58:51] [main/DEBUG] (FabricLoader/Knot) Adding /home/avalonia/.gradle/caches/modules-2/files-2.1/org.lwjgl/lwjgl-openal/3.3.3/daada81ceb5fc0c291fbfdd4433cb8d9423577f2/lwjgl-openal-3.3.3.jar to classpath.
[19:58:51] [main/DEBUG] (FabricLoader/Knot) Adding /home/avalonia/.gradle/caches/modules-2/files-2.1/org.lwjgl/lwjgl-openal/3.3.3/3037360cc4595079bea240af250b6d1a527e0905/lwjgl-openal-3.3.3-natives-linux.jar to classpath.
[19:58:51] [main/DEBUG] (FabricLoader/Knot) Adding /home/avalonia/.gradle/caches/modules-2/files-2.1/org.lwjgl/lwjgl-opengl/3.3.3/2f6b0147078396a58979125a4c947664e98293a/lwjgl-opengl-3.3.3.jar to classpath.
[19:58:51] [main/DEBUG] (FabricLoader/Knot) Adding /home/avalonia/.gradle/caches/modules-2/files-2.1/org.lwjgl/lwjgl-opengl/3.3.3/62c70a4b00ca5391882b0f4b787c1588d24f1c86/lwjgl-opengl-3.3.3-natives-linux.jar to classpath.
[19:58:51] [main/DEBUG] (FabricLoader/Knot) Adding /home/avalonia/.gradle/caches/modules-2/files-2.1/org.lwjgl/lwjgl-stb/3.3.3/25dd6161988d7e65f71d5065c99902402ee32746/lwjgl-stb-3.3.3.jar to classpath.
[19:58:51] [main/DEBUG] (FabricLoader/Knot) Adding /home/avalonia/.gradle/caches/modules-2/files-2.1/org.lwjgl/lwjgl-stb/3.3.3/fd1271ccd9d85eff2fa31f3fd543e02ccfaf5041/lwjgl-stb-3.3.3-natives-linux.jar to classpath.
[19:58:51] [main/DEBUG] (FabricLoader/Knot) Adding /home/avalonia/.gradle/caches/modules-2/files-2.1/org.lwjgl/lwjgl-tinyfd/3.3.3/82d755ca94b102e9ca77283b9e2dc46d1b15fbe5/lwjgl-tinyfd-3.3.3.jar to classpath.
[19:58:51] [main/DEBUG] (FabricLoader/Knot) Adding /home/avalonia/.gradle/caches/modules-2/files-2.1/org.lwjgl/lwjgl-tinyfd/3.3.3/d8d58daa0c3e5fd906fee96f5fddbcbc07cc308b/lwjgl-tinyfd-3.3.3-natives-linux.jar to classpath.
[19:58:51] [main/DEBUG] (FabricLoader/Knot) Adding /home/avalonia/.gradle/caches/modules-2/files-2.1/org.lwjgl/lwjgl/3.3.3/29589b5f87ed335a6c7e7ee6a5775f81f97ecb84/lwjgl-3.3.3.jar to classpath.
[19:58:51] [main/DEBUG] (FabricLoader/Knot) Adding /home/avalonia/.gradle/caches/modules-2/files-2.1/org.lwjgl/lwjgl/3.3.3/1713758e3660ba66e1e954396fd18126038b33c0/lwjgl-3.3.3-natives-linux.jar to classpath.
[19:58:51] [main/DEBUG] (FabricLoader/Knot) Adding /home/avalonia/.gradle/caches/modules-2/files-2.1/org.lz4/lz4-java/1.8.0/4b986a99445e49ea5fbf5d149c4b63f6ed6c6780/lz4-java-1.8.0.jar to classpath.
[19:58:51] [main/DEBUG] (FabricLoader/Knot) Adding /home/avalonia/.gradle/caches/modules-2/files-2.1/blue.endless/jankson/1.2.0/3a596049034f2952c0b2d40ca41f9b98856d5fb4/jankson-1.2.0.jar to classpath.
[19:58:51] [main/DEBUG] (FabricLoader/Knot) Adding /home/avalonia/.gradle/caches/modules-2/files-2.1/com.moandjiezana.toml/toml4j/0.7.2/a03337911d0bd2c40932aca3946edb30d0e7d0c/toml4j-0.7.2.jar to classpath.
[19:58:51] [main/DEBUG] (FabricLoader/Knot) Adding /home/avalonia/.gradle/caches/modules-2/files-2.1/org.yaml/snakeyaml/1.27/359d62567480b07a679dc643f82fc926b100eed5/snakeyaml-1.27.jar to classpath.
[19:58:51] [main/DEBUG] (FabricLoader/Knot) Adding /media/avalonia/data/MinecraftLib/versions/Vanilla Creamy Exploration 1/MinecraftMod/BetterRecipeBook/1.21.1/.gradle/loom-cache/remapped_mods/remapped/me/shedaniel/cloth/cloth-config-fabric-b9d2d3ba/15.0.140/cloth-config-fabric-b9d2d3ba-15.0.140-fabric.jar to classpath.
[19:58:51] [main/DEBUG] (FabricLoader/Knot) Adding /media/avalonia/data/MinecraftLib/versions/Vanilla Creamy Exploration 1/MinecraftMod/BetterRecipeBook/1.21.1/.gradle/loom-cache/remapped_mods/remapped/net/fabricmc/fabric-api/fabric-api-b9d2d3ba/0.116.12+1.21.1/fabric-api-b9d2d3ba-0.116.12+1.21.1.jar to classpath.
[19:58:51] [main/DEBUG] (FabricLoader/Knot) Adding /media/avalonia/data/MinecraftLib/versions/Vanilla Creamy Exploration 1/MinecraftMod/BetterRecipeBook/1.21.1/.gradle/loom-cache/remapped_mods/remapped/net/fabricmc/fabric-api/fabric-transfer-api-v1-b9d2d3ba/5.4.4+7b3d111d19/fabric-transfer-api-v1-b9d2d3ba-5.4.4+7b3d111d19.jar to classpath.
[19:58:51] [main/DEBUG] (FabricLoader/Knot) Adding /media/avalonia/data/MinecraftLib/versions/Vanilla Creamy Exploration 1/MinecraftMod/BetterRecipeBook/1.21.1/.gradle/loom-cache/remapped_mods/remapped/net/fabricmc/fabric-api/fabric-api-lookup-api-v1-b9d2d3ba/1.6.72+7b3d111d19/fabric-api-lookup-api-v1-b9d2d3ba-1.6.72+7b3d111d19.jar to classpath.
[19:58:51] [main/DEBUG] (FabricLoader/Knot) Adding /media/avalonia/data/MinecraftLib/versions/Vanilla Creamy Exploration 1/MinecraftMod/BetterRecipeBook/1.21.1/.gradle/loom-cache/remapped_mods/remapped/net/fabricmc/fabric-api/fabric-blockrenderlayer-v1-b9d2d3ba/1.1.52+0af3f5a719/fabric-blockrenderlayer-v1-b9d2d3ba-1.1.52+0af3f5a719.jar to classpath.
[19:58:51] [main/DEBUG] (FabricLoader/Knot) Adding /media/avalonia/data/MinecraftLib/versions/Vanilla Creamy Exploration 1/MinecraftMod/BetterRecipeBook/1.21.1/.gradle/loom-cache/remapped_mods/remapped/net/fabricmc/fabric-api/fabric-client-tags-api-v1-b9d2d3ba/1.1.15+6573ed8c19/fabric-client-tags-api-v1-b9d2d3ba-1.1.15+6573ed8c19.jar to classpath.
[19:58:51] [main/DEBUG] (FabricLoader/Knot) Adding /media/avalonia/data/MinecraftLib/versions/Vanilla Creamy Exploration 1/MinecraftMod/BetterRecipeBook/1.21.1/.gradle/loom-cache/remapped_mods/remapped/net/fabricmc/fabric-api/fabric-command-api-v1-b9d2d3ba/1.2.49+f71b366f19/fabric-command-api-v1-b9d2d3ba-1.2.49+f71b366f19.jar to classpath.
[19:58:51] [main/DEBUG] (FabricLoader/Knot) Adding /media/avalonia/data/MinecraftLib/versions/Vanilla Creamy Exploration 1/MinecraftMod/BetterRecipeBook/1.21.1/.gradle/loom-cache/remapped_mods/remapped/net/fabricmc/fabric-api/fabric-commands-v0-b9d2d3ba/0.2.66+df3654b319/fabric-commands-v0-b9d2d3ba-0.2.66+df3654b319.jar to classpath.
[19:58:51] [main/DEBUG] (FabricLoader/Knot) Adding /media/avalonia/data/MinecraftLib/versions/Vanilla Creamy Exploration 1/MinecraftMod/BetterRecipeBook/1.21.1/.gradle/loom-cache/remapped_mods/remapped/net/fabricmc/fabric-api/fabric-command-api-v2-b9d2d3ba/2.2.28+6ced4dd919/fabric-command-api-v2-b9d2d3ba-2.2.28+6ced4dd919.jar to classpath.
[19:58:51] [main/DEBUG] (FabricLoader/Knot) Adding /media/avalonia/data/MinecraftLib/versions/Vanilla Creamy Exploration 1/MinecraftMod/BetterRecipeBook/1.21.1/.gradle/loom-cache/remapped_mods/remapped/net/fabricmc/fabric-api/fabric-content-registries-v0-b9d2d3ba/8.0.19+b559734419/fabric-content-registries-v0-b9d2d3ba-8.0.19+b559734419.jar to classpath.
[19:58:51] [main/DEBUG] (FabricLoader/Knot) Adding /media/avalonia/data/MinecraftLib/versions/Vanilla Creamy Exploration 1/MinecraftMod/BetterRecipeBook/1.21.1/.gradle/loom-cache/remapped_mods/remapped/net/fabricmc/fabric-api/fabric-data-generation-api-v1-b9d2d3ba/20.2.38+60a6976219/fabric-data-generation-api-v1-b9d2d3ba-20.2.38+60a6976219.jar to classpath.
[19:58:51] [main/DEBUG] (FabricLoader/Knot) Adding /media/avalonia/data/MinecraftLib/versions/Vanilla Creamy Exploration 1/MinecraftMod/BetterRecipeBook/1.21.1/.gradle/loom-cache/remapped_mods/remapped/net/fabricmc/fabric-api/fabric-convention-tags-v1-b9d2d3ba/2.1.7+7f945d5b19/fabric-convention-tags-v1-b9d2d3ba-2.1.7+7f945d5b19.jar to classpath.
[19:58:51] [main/DEBUG] (FabricLoader/Knot) Adding /media/avalonia/data/MinecraftLib/versions/Vanilla Creamy Exploration 1/MinecraftMod/BetterRecipeBook/1.21.1/.gradle/loom-cache/remapped_mods/remapped/net/fabricmc/fabric-api/fabric-convention-tags-v2-b9d2d3ba/2.12.0+c3656daa19/fabric-convention-tags-v2-b9d2d3ba-2.12.0+c3656daa19.jar to classpath.
[19:58:51] [main/DEBUG] (FabricLoader/Knot) Adding /media/avalonia/data/MinecraftLib/versions/Vanilla Creamy Exploration 1/MinecraftMod/BetterRecipeBook/1.21.1/.gradle/loom-cache/remapped_mods/remapped/net/fabricmc/fabric-api/fabric-data-attachment-api-v1-b9d2d3ba/1.4.7+5b36e0f719/fabric-data-attachment-api-v1-b9d2d3ba-1.4.7+5b36e0f719.jar to classpath.
[19:58:51] [main/DEBUG] (FabricLoader/Knot) Adding /media/avalonia/data/MinecraftLib/versions/Vanilla Creamy Exploration 1/MinecraftMod/BetterRecipeBook/1.21.1/.gradle/loom-cache/remapped_mods/remapped/net/fabricmc/fabric-api/fabric-entity-events-v1-b9d2d3ba/1.8.0+2b27e0a419/fabric-entity-events-v1-b9d2d3ba-1.8.0+2b27e0a419.jar to classpath.
[19:58:51] [main/DEBUG] (FabricLoader/Knot) Adding /media/avalonia/data/MinecraftLib/versions/Vanilla Creamy Exploration 1/MinecraftMod/BetterRecipeBook/1.21.1/.gradle/loom-cache/remapped_mods/remapped/net/fabricmc/fabric-api/fabric-events-interaction-v0-b9d2d3ba/0.7.14+ba9dae0619/fabric-events-interaction-v0-b9d2d3ba-0.7.14+ba9dae0619.jar to classpath.
[19:58:51] [main/DEBUG] (FabricLoader/Knot) Adding /media/avalonia/data/MinecraftLib/versions/Vanilla Creamy Exploration 1/MinecraftMod/BetterRecipeBook/1.21.1/.gradle/loom-cache/remapped_mods/remapped/net/fabricmc/fabric-api/fabric-gametest-api-v1-b9d2d3ba/2.0.5+6fc22b9919/fabric-gametest-api-v1-b9d2d3ba-2.0.5+6fc22b9919.jar to classpath.
[19:58:51] [main/DEBUG] (FabricLoader/Knot) Adding /media/avalonia/data/MinecraftLib/versions/Vanilla Creamy Exploration 1/MinecraftMod/BetterRecipeBook/1.21.1/.gradle/loom-cache/remapped_mods/remapped/net/fabricmc/fabric-api/fabric-item-api-v1-b9d2d3ba/11.2.0+3b3cb2e819/fabric-item-api-v1-b9d2d3ba-11.2.0+3b3cb2e819.jar to classpath.
[19:58:51] [main/DEBUG] (FabricLoader/Knot) Adding /media/avalonia/data/MinecraftLib/versions/Vanilla Creamy Exploration 1/MinecraftMod/BetterRecipeBook/1.21.1/.gradle/loom-cache/remapped_mods/remapped/net/fabricmc/fabric-api/fabric-item-group-api-v1-b9d2d3ba/4.1.7+def88e3a19/fabric-item-group-api-v1-b9d2d3ba-4.1.7+def88e3a19.jar to classpath.
[19:58:51] [main/DEBUG] (FabricLoader/Knot) Adding /media/avalonia/data/MinecraftLib/versions/Vanilla Creamy Exploration 1/MinecraftMod/BetterRecipeBook/1.21.1/.gradle/loom-cache/remapped_mods/remapped/net/fabricmc/fabric-api/fabric-lifecycle-events-v1-b9d2d3ba/2.6.0+0865547519/fabric-lifecycle-events-v1-b9d2d3ba-2.6.0+0865547519.jar to classpath.
[19:58:51] [main/DEBUG] (FabricLoader/Knot) Adding /media/avalonia/data/MinecraftLib/versions/Vanilla Creamy Exploration 1/MinecraftMod/BetterRecipeBook/1.21.1/.gradle/loom-cache/remapped_mods/remapped/net/fabricmc/fabric-api/fabric-loot-api-v2-b9d2d3ba/3.0.15+3f89f5a519/fabric-loot-api-v2-b9d2d3ba-3.0.15+3f89f5a519.jar to classpath.
[19:58:51] [main/DEBUG] (FabricLoader/Knot) Adding /media/avalonia/data/MinecraftLib/versions/Vanilla Creamy Exploration 1/MinecraftMod/BetterRecipeBook/1.21.1/.gradle/loom-cache/remapped_mods/remapped/net/fabricmc/fabric-api/fabric-loot-api-v3-b9d2d3ba/1.0.3+3f89f5a519/fabric-loot-api-v3-b9d2d3ba-1.0.3+3f89f5a519.jar to classpath.
[19:58:51] [main/DEBUG] (FabricLoader/Knot) Adding /media/avalonia/data/MinecraftLib/versions/Vanilla Creamy Exploration 1/MinecraftMod/BetterRecipeBook/1.21.1/.gradle/loom-cache/remapped_mods/remapped/net/fabricmc/fabric-api/fabric-message-api-v1-b9d2d3ba/6.0.14+8aaf3aca19/fabric-message-api-v1-b9d2d3ba-6.0.14+8aaf3aca19.jar to classpath.
[19:58:51] [main/DEBUG] (FabricLoader/Knot) Adding /media/avalonia/data/MinecraftLib/versions/Vanilla Creamy Exploration 1/MinecraftMod/BetterRecipeBook/1.21.1/.gradle/loom-cache/remapped_mods/remapped/net/fabricmc/fabric-api/fabric-model-loading-api-v1-b9d2d3ba/2.1.0+b4d813fc19/fabric-model-loading-api-v1-b9d2d3ba-2.1.0+b4d813fc19.jar to classpath.
[19:58:51] [main/DEBUG] (FabricLoader/Knot) Adding /media/avalonia/data/MinecraftLib/versions/Vanilla Creamy Exploration 1/MinecraftMod/BetterRecipeBook/1.21.1/.gradle/loom-cache/remapped_mods/remapped/net/fabricmc/fabric-api/fabric-recipe-api-v1-b9d2d3ba/5.0.16+2475392c19/fabric-recipe-api-v1-b9d2d3ba-5.0.16+2475392c19.jar to classpath.
[19:58:51] [main/DEBUG] (FabricLoader/Knot) Adding /media/avalonia/data/MinecraftLib/versions/Vanilla Creamy Exploration 1/MinecraftMod/BetterRecipeBook/1.21.1/.gradle/loom-cache/remapped_mods/remapped/net/fabricmc/fabric-api/fabric-screen-handler-api-v1-b9d2d3ba/1.3.91+b559734419/fabric-screen-handler-api-v1-b9d2d3ba-1.3.91+b559734419.jar to classpath.
[19:58:51] [main/DEBUG] (FabricLoader/Knot) Adding /media/avalonia/data/MinecraftLib/versions/Vanilla Creamy Exploration 1/MinecraftMod/BetterRecipeBook/1.21.1/.gradle/loom-cache/remapped_mods/remapped/net/fabricmc/fabric-api/fabric-registry-sync-v0-b9d2d3ba/5.3.2+e3eddc2119/fabric-registry-sync-v0-b9d2d3ba-5.3.2+e3eddc2119.jar to classpath.
[19:58:51] [main/DEBUG] (FabricLoader/Knot) Adding /media/avalonia/data/MinecraftLib/versions/Vanilla Creamy Exploration 1/MinecraftMod/BetterRecipeBook/1.21.1/.gradle/loom-cache/remapped_mods/remapped/net/fabricmc/fabric-api/fabric-networking-api-v1-b9d2d3ba/4.3.1+d30f6a7919/fabric-networking-api-v1-b9d2d3ba-4.3.1+d30f6a7919.jar to classpath.
[19:58:51] [main/DEBUG] (FabricLoader/Knot) Adding /media/avalonia/data/MinecraftLib/versions/Vanilla Creamy Exploration 1/MinecraftMod/BetterRecipeBook/1.21.1/.gradle/loom-cache/remapped_mods/remapped/net/fabricmc/fabric-api/fabric-object-builder-api-v1-b9d2d3ba/15.2.1+40875a9319/fabric-object-builder-api-v1-b9d2d3ba-15.2.1+40875a9319.jar to classpath.
[19:58:51] [main/DEBUG] (FabricLoader/Knot) Adding /media/avalonia/data/MinecraftLib/versions/Vanilla Creamy Exploration 1/MinecraftMod/BetterRecipeBook/1.21.1/.gradle/loom-cache/remapped_mods/remapped/net/fabricmc/fabric-api/fabric-particles-v1-b9d2d3ba/4.0.2+6573ed8c19/fabric-particles-v1-b9d2d3ba-4.0.2+6573ed8c19.jar to classpath.
[19:58:51] [main/DEBUG] (FabricLoader/Knot) Adding /media/avalonia/data/MinecraftLib/versions/Vanilla Creamy Exploration 1/MinecraftMod/BetterRecipeBook/1.21.1/.gradle/loom-cache/remapped_mods/remapped/net/fabricmc/fabric-api/fabric-renderer-indigo-b9d2d3ba/1.7.1+c705a49c19/fabric-renderer-indigo-b9d2d3ba-1.7.1+c705a49c19.jar to classpath.
[19:58:51] [main/DEBUG] (FabricLoader/Knot) Adding /media/avalonia/data/MinecraftLib/versions/Vanilla Creamy Exploration 1/MinecraftMod/BetterRecipeBook/1.21.1/.gradle/loom-cache/remapped_mods/remapped/net/fabricmc/fabric-api/fabric-renderer-api-v1-b9d2d3ba/3.4.1+b4d813fc19/fabric-renderer-api-v1-b9d2d3ba-3.4.1+b4d813fc19.jar to classpath.
[19:58:51] [main/DEBUG] (FabricLoader/Knot) Adding /media/avalonia/data/MinecraftLib/versions/Vanilla Creamy Exploration 1/MinecraftMod/BetterRecipeBook/1.21.1/.gradle/loom-cache/remapped_mods/remapped/net/fabricmc/fabric-api/fabric-rendering-fluids-v1-b9d2d3ba/3.1.6+1daea21519/fabric-rendering-fluids-v1-b9d2d3ba-3.1.6+1daea21519.jar to classpath.
[19:58:51] [main/DEBUG] (FabricLoader/Knot) Adding /media/avalonia/data/MinecraftLib/versions/Vanilla Creamy Exploration 1/MinecraftMod/BetterRecipeBook/1.21.1/.gradle/loom-cache/remapped_mods/remapped/net/fabricmc/fabric-api/fabric-renderer-registries-v1-b9d2d3ba/3.2.69+df3654b319/fabric-renderer-registries-v1-b9d2d3ba-3.2.69+df3654b319.jar to classpath.
[19:58:51] [main/DEBUG] (FabricLoader/Knot) Adding /media/avalonia/data/MinecraftLib/versions/Vanilla Creamy Exploration 1/MinecraftMod/BetterRecipeBook/1.21.1/.gradle/loom-cache/remapped_mods/remapped/net/fabricmc/fabric-api/fabric-rendering-v0-b9d2d3ba/1.1.72+df3654b319/fabric-rendering-v0-b9d2d3ba-1.1.72+df3654b319.jar to classpath.
[19:58:51] [main/DEBUG] (FabricLoader/Knot) Adding /media/avalonia/data/MinecraftLib/versions/Vanilla Creamy Exploration 1/MinecraftMod/BetterRecipeBook/1.21.1/.gradle/loom-cache/remapped_mods/remapped/net/fabricmc/fabric-api/fabric-rendering-v1-b9d2d3ba/5.1.0+ab4c25a019/fabric-rendering-v1-b9d2d3ba-5.1.0+ab4c25a019.jar to classpath.
[19:58:51] [main/DEBUG] (FabricLoader/Knot) Adding /media/avalonia/data/MinecraftLib/versions/Vanilla Creamy Exploration 1/MinecraftMod/BetterRecipeBook/1.21.1/.gradle/loom-cache/remapped_mods/remapped/net/fabricmc/fabric-api/fabric-screen-api-v1-b9d2d3ba/2.0.25+8b68f1c719/fabric-screen-api-v1-b9d2d3ba-2.0.25+8b68f1c719.jar to classpath.
[19:58:51] [main/DEBUG] (FabricLoader/Knot) Adding /media/avalonia/data/MinecraftLib/versions/Vanilla Creamy Exploration 1/MinecraftMod/BetterRecipeBook/1.21.1/.gradle/loom-cache/remapped_mods/remapped/net/fabricmc/fabric-api/fabric-api-base-b9d2d3ba/0.4.42+6573ed8c19/fabric-api-base-b9d2d3ba-0.4.42+6573ed8c19.jar to classpath.
[19:58:51] [main/DEBUG] (FabricLoader/Knot) Adding /media/avalonia/data/MinecraftLib/versions/Vanilla Creamy Exploration 1/MinecraftMod/BetterRecipeBook/1.21.1/.gradle/loom-cache/remapped_mods/remapped/net/fabricmc/fabric-api/fabric-biome-api-v1-b9d2d3ba/13.0.31+d527f9fd19/fabric-biome-api-v1-b9d2d3ba-13.0.31+d527f9fd19.jar to classpath.
[19:58:51] [main/DEBUG] (FabricLoader/Knot) Adding /media/avalonia/data/MinecraftLib/versions/Vanilla Creamy Exploration 1/MinecraftMod/BetterRecipeBook/1.21.1/.gradle/loom-cache/remapped_mods/remapped/net/fabricmc/fabric-api/fabric-block-api-v1-b9d2d3ba/1.1.0+0bc3503219/fabric-block-api-v1-b9d2d3ba-1.1.0+0bc3503219.jar to classpath.
[19:58:51] [main/DEBUG] (FabricLoader/Knot) Adding /media/avalonia/data/MinecraftLib/versions/Vanilla Creamy Exploration 1/MinecraftMod/BetterRecipeBook/1.21.1/.gradle/loom-cache/remapped_mods/remapped/net/fabricmc/fabric-api/fabric-rendering-data-attachment-v1-b9d2d3ba/0.3.49+73761d2e19/fabric-rendering-data-attachment-v1-b9d2d3ba-0.3.49+73761d2e19.jar to classpath.
[19:58:51] [main/DEBUG] (FabricLoader/Knot) Adding /media/avalonia/data/MinecraftLib/versions/Vanilla Creamy Exploration 1/MinecraftMod/BetterRecipeBook/1.21.1/.gradle/loom-cache/remapped_mods/remapped/net/fabricmc/fabric-api/fabric-block-view-api-v2-b9d2d3ba/1.0.11+ebb2264e19/fabric-block-view-api-v2-b9d2d3ba-1.0.11+ebb2264e19.jar to classpath.
[19:58:51] [main/DEBUG] (FabricLoader/Knot) Adding /media/avalonia/data/MinecraftLib/versions/Vanilla Creamy Exploration 1/MinecraftMod/BetterRecipeBook/1.21.1/.gradle/loom-cache/remapped_mods/remapped/net/fabricmc/fabric-api/fabric-crash-report-info-v1-b9d2d3ba/0.2.29+0af3f5a719/fabric-crash-report-info-v1-b9d2d3ba-0.2.29+0af3f5a719.jar to classpath.
[19:58:51] [main/DEBUG] (FabricLoader/Knot) Adding /media/avalonia/data/MinecraftLib/versions/Vanilla Creamy Exploration 1/MinecraftMod/BetterRecipeBook/1.21.1/.gradle/loom-cache/remapped_mods/remapped/net/fabricmc/fabric-api/fabric-dimensions-v1-b9d2d3ba/4.0.1+65213ef819/fabric-dimensions-v1-b9d2d3ba-4.0.1+65213ef819.jar to classpath.
[19:58:51] [main/DEBUG] (FabricLoader/Knot) Adding /media/avalonia/data/MinecraftLib/versions/Vanilla Creamy Exploration 1/MinecraftMod/BetterRecipeBook/1.21.1/.gradle/loom-cache/remapped_mods/remapped/net/fabricmc/fabric-api/fabric-game-rule-api-v1-b9d2d3ba/1.0.53+6ced4dd919/fabric-game-rule-api-v1-b9d2d3ba-1.0.53+6ced4dd919.jar to classpath.
[19:58:51] [main/DEBUG] (FabricLoader/Knot) Adding /media/avalonia/data/MinecraftLib/versions/Vanilla Creamy Exploration 1/MinecraftMod/BetterRecipeBook/1.21.1/.gradle/loom-cache/remapped_mods/remapped/net/fabricmc/fabric-api/fabric-keybindings-v0-b9d2d3ba/0.2.45+df3654b319/fabric-keybindings-v0-b9d2d3ba-0.2.45+df3654b319.jar to classpath.
[19:58:51] [main/DEBUG] (FabricLoader/Knot) Adding /media/avalonia/data/MinecraftLib/versions/Vanilla Creamy Exploration 1/MinecraftMod/BetterRecipeBook/1.21.1/.gradle/loom-cache/remapped_mods/remapped/net/fabricmc/fabric-api/fabric-key-binding-api-v1-b9d2d3ba/1.0.47+0af3f5a719/fabric-key-binding-api-v1-b9d2d3ba-1.0.47+0af3f5a719.jar to classpath.
[19:58:51] [main/DEBUG] (FabricLoader/Knot) Adding /media/avalonia/data/MinecraftLib/versions/Vanilla Creamy Exploration 1/MinecraftMod/BetterRecipeBook/1.21.1/.gradle/loom-cache/remapped_mods/remapped/net/fabricmc/fabric-api/fabric-resource-conditions-api-v1-b9d2d3ba/4.3.0+8dc279b119/fabric-resource-conditions-api-v1-b9d2d3ba-4.3.0+8dc279b119.jar to classpath.
[19:58:51] [main/DEBUG] (FabricLoader/Knot) Adding /media/avalonia/data/MinecraftLib/versions/Vanilla Creamy Exploration 1/MinecraftMod/BetterRecipeBook/1.21.1/.gradle/loom-cache/remapped_mods/remapped/net/fabricmc/fabric-api/fabric-resource-loader-v0-b9d2d3ba/1.3.1+5b5275af19/fabric-resource-loader-v0-b9d2d3ba-1.3.1+5b5275af19.jar to classpath.
[19:58:51] [main/DEBUG] (FabricLoader/Knot) Adding /media/avalonia/data/MinecraftLib/versions/Vanilla Creamy Exploration 1/MinecraftMod/BetterRecipeBook/1.21.1/.gradle/loom-cache/remapped_mods/remapped/net/fabricmc/fabric-api/fabric-sound-api-v1-b9d2d3ba/1.0.23+6573ed8c19/fabric-sound-api-v1-b9d2d3ba-1.0.23+6573ed8c19.jar to classpath.
[19:58:51] [main/DEBUG] (FabricLoader/Knot) Adding /media/avalonia/data/MinecraftLib/versions/Vanilla Creamy Exploration 1/MinecraftMod/BetterRecipeBook/1.21.1/.gradle/loom-cache/remapped_mods/remapped/net/fabricmc/fabric-api/fabric-transitive-access-wideners-v1-b9d2d3ba/6.2.0+45b9699719/fabric-transitive-access-wideners-v1-b9d2d3ba-6.2.0+45b9699719.jar to classpath.
[19:58:51] [main/DEBUG] (FabricLoader/Knot) Adding /media/avalonia/data/MinecraftLib/versions/Vanilla Creamy Exploration 1/MinecraftMod/BetterRecipeBook/1.21.1/.gradle/loom-cache/remapped_mods/remapped/me/shedaniel/cloth/basic-math-b9d2d3ba/0.6.1/basic-math-b9d2d3ba-0.6.1.jar to classpath.
[19:58:51] [main/DEBUG] (FabricLoader/Knot) Adding /tmp/17196588242740008650.jar to classpath.
[19:58:51] [main/DEBUG] (FabricLoader/Entrypoint) No subscribers for entrypoint 'preLaunch'
[19:58:51] [main/DEBUG] (FabricLoader/Mixin) Preparing mixins for MixinEnvironment[DEFAULT]
[19:58:51] [main/DEBUG] (FabricLoader/Mixin) Selecting config fabric-rendering-v1.mixins.json
[19:58:51] [main/DEBUG] (FabricLoader/Mixin) Remapping refMap client-fabric-rendering-v1-refmap.json using remapper chain
[19:58:51] [main/DEBUG] (FabricLoader/Mixin) Selecting config fabric-renderer-api-v1.mixins.json
[19:58:51] [main/DEBUG] (FabricLoader/Mixin) Remapping refMap client-fabric-renderer-api-v1-refmap.json using remapper chain
[19:58:51] [main/DEBUG] (FabricLoader/Mixin) Selecting config fabric-renderer-api-v1.debughud.mixins.json
[19:58:51] [main/DEBUG] (FabricLoader/Mixin) Remapping refMap client-fabric-renderer-api-v1-refmap.json using remapper chain
[19:58:51] [main/DEBUG] (FabricLoader/Mixin) Selecting config fabric-content-registries-v0.mixins.json
[19:58:51] [main/DEBUG] (FabricLoader/Mixin) Remapping refMap fabric-content-registries-v0-refmap.json using remapper chain
[19:58:51] [main/DEBUG] (FabricLoader/Mixin) Selecting config fabric-item-group-api-v1.mixins.json
[19:58:51] [main/DEBUG] (FabricLoader/Mixin) Remapping refMap fabric-item-group-api-v1-refmap.json using remapper chain
[19:58:51] [main/DEBUG] (FabricLoader/Mixin) Selecting config fabric-item-group-api-v1.client.mixins.json
[19:58:51] [main/DEBUG] (FabricLoader/Mixin) Remapping refMap client-fabric-item-group-api-v1-refmap.json using remapper chain
[19:58:51] [main/DEBUG] (FabricLoader/Mixin) Selecting config fabric-transfer-api-v1.mixins.json
[19:58:51] [main/DEBUG] (FabricLoader/Mixin) Remapping refMap fabric-transfer-api-v1-refmap.json using remapper chain
[19:58:51] [main/DEBUG] (FabricLoader/Mixin) Selecting config fabric-resource-conditions-api-v1.mixins.json
[19:58:51] [main/DEBUG] (FabricLoader/Mixin) Remapping refMap fabric-resource-conditions-api-v1-refmap.json using remapper chain
[19:58:51] [main/DEBUG] (FabricLoader/Mixin) Selecting config fabric-command-api-v2.mixins.json
[19:58:51] [main/DEBUG] (FabricLoader/Mixin) Remapping refMap fabric-command-api-v2-refmap.json using remapper chain
[19:58:51] [main/DEBUG] (FabricLoader/Mixin) Selecting config fabric-command-api-v2.client.mixins.json
[19:58:51] [main/DEBUG] (FabricLoader/Mixin) Remapping refMap client-fabric-command-api-v2-refmap.json using remapper chain
[19:58:51] [main/DEBUG] (FabricLoader/Mixin) Selecting config fabric-block-api-v1.mixins.json
[19:58:51] [main/DEBUG] (FabricLoader/Mixin) Remapping refMap fabric-block-api-v1-refmap.json using remapper chain
[19:58:51] [main/DEBUG] (FabricLoader/Mixin) Selecting config fabric-rendering-fluids-v1.mixins.json
[19:58:51] [main/DEBUG] (FabricLoader/Mixin) Remapping refMap client-fabric-rendering-fluids-v1-refmap.json using remapper chain
[19:58:51] [main/DEBUG] (FabricLoader/Mixin) Selecting config fabric-rendering-data-attachment-v1.mixins.json
[19:58:51] [main/DEBUG] (FabricLoader/Mixin) Remapping refMap fabric-rendering-data-attachment-v1-refmap.json using remapper chain
[19:58:51] [main/DEBUG] (FabricLoader/Mixin) Selecting config fabric-rendering-data-attachment-v1.client.mixins.json
[19:58:51] [main/DEBUG] (FabricLoader/Mixin) Remapping refMap client-fabric-rendering-data-attachment-v1-refmap.json using remapper chain
[19:58:51] [main/DEBUG] (FabricLoader/Mixin) Selecting config fabric-particles-v1.client.mixins.json
[19:58:51] [main/DEBUG] (FabricLoader/Mixin) Remapping refMap client-fabric-particles-v1-refmap.json using remapper chain
[19:58:51] [main/DEBUG] (FabricLoader/Mixin) Selecting config mixinextras.init.mixins.json
[19:58:51] [main/DEBUG] (FabricLoader/MixinExtras|Service) com.llamalad7.mixinextras.service.MixinExtrasServiceImpl(version=0.4.0) is taking over from null
[19:58:51] [main/DEBUG] (FabricLoader/Mixin) Registering new injector for @Inject with org.spongepowered.asm.mixin.injection.struct.CallbackInjectionInfo
[19:58:51] [main/DEBUG] (FabricLoader/Mixin) Registering new injector for @ModifyArg with org.spongepowered.asm.mixin.injection.struct.ModifyArgInjectionInfo
[19:58:51] [main/DEBUG] (FabricLoader/Mixin) Registering new injector for @ModifyArgs with org.spongepowered.asm.mixin.injection.struct.ModifyArgsInjectionInfo
[19:58:51] [main/DEBUG] (FabricLoader/Mixin) Registering new injector for @Redirect with org.spongepowered.asm.mixin.injection.struct.RedirectInjectionInfo
[19:58:51] [main/DEBUG] (FabricLoader/Mixin) Registering new injector for @ModifyVariable with org.spongepowered.asm.mixin.injection.struct.ModifyVariableInjectionInfo
[19:58:51] [main/DEBUG] (FabricLoader/Mixin) Registering new injector for @ModifyConstant with org.spongepowered.asm.mixin.injection.struct.ModifyConstantInjectionInfo
[19:58:51] [main/DEBUG] (FabricLoader/Mixin) Selecting config fabric-screen-api-v1.mixins.json
[19:58:51] [main/DEBUG] (FabricLoader/Mixin) Remapping refMap client-fabric-screen-api-v1-refmap.json using remapper chain
[19:58:51] [main/DEBUG] (FabricLoader/Mixin) Selecting config fabric-crash-report-info-v1.mixins.json
[19:58:51] [main/DEBUG] (FabricLoader/Mixin) Remapping refMap fabric-crash-report-info-v1-refmap.json using remapper chain
[19:58:51] [main/DEBUG] (FabricLoader/Mixin) Selecting config fabric-dimensions-v1.mixins.json
[19:58:51] [main/DEBUG] (FabricLoader/Mixin) Remapping refMap fabric-dimensions-v1-refmap.json using remapper chain
[19:58:51] [main/DEBUG] (FabricLoader/Mixin) Selecting config fabric-blockrenderlayer-v1.mixins.json
[19:58:51] [main/DEBUG] (FabricLoader/Mixin) Remapping refMap client-fabric-blockrenderlayer-v1-refmap.json using remapper chain
[19:58:51] [main/DEBUG] (FabricLoader/Mixin) Selecting config fabric-registry-sync-v0.mixins.json
[19:58:51] [main/DEBUG] (FabricLoader/Mixin) Remapping refMap fabric-registry-sync-v0-refmap.json using remapper chain
[19:58:51] [main/DEBUG] (FabricLoader/Mixin) Selecting config fabric-registry-sync-v0.client.mixins.json
[19:58:51] [main/DEBUG] (FabricLoader/Mixin) Remapping refMap client-fabric-registry-sync-v0-refmap.json using remapper chain
[19:58:51] [main/DEBUG] (FabricLoader/Mixin) Selecting config fabric-resource-loader-v0.mixins.json
[19:58:51] [main/DEBUG] (FabricLoader/Mixin) Remapping refMap fabric-resource-loader-v0-refmap.json using remapper chain
[19:58:51] [main/DEBUG] (FabricLoader/Mixin) Selecting config fabric-resource-loader-v0.client.mixins.json
[19:58:51] [main/DEBUG] (FabricLoader/Mixin) Remapping refMap client-fabric-resource-loader-v0-refmap.json using remapper chain
[19:58:51] [main/DEBUG] (FabricLoader/Mixin) Selecting config fabric-game-rule-api-v1.mixins.json
[19:58:51] [main/DEBUG] (FabricLoader/Mixin) Remapping refMap fabric-game-rule-api-v1-refmap.json using remapper chain
[19:58:51] [main/DEBUG] (FabricLoader/Mixin) Selecting config fabric-game-rule-api-v1.client.mixins.json
[19:58:51] [main/DEBUG] (FabricLoader/Mixin) Remapping refMap client-fabric-game-rule-api-v1-refmap.json using remapper chain
[19:58:51] [main/DEBUG] (FabricLoader/Mixin) Selecting config fabric-block-view-api-v2.mixins.json
[19:58:51] [main/DEBUG] (FabricLoader/Mixin) Remapping refMap fabric-block-view-api-v2-refmap.json using remapper chain
[19:58:51] [main/DEBUG] (FabricLoader/Mixin) Selecting config fabric-block-view-api-v2.client.mixins.json
[19:58:51] [main/DEBUG] (FabricLoader/Mixin) Remapping refMap client-fabric-block-view-api-v2-refmap.json using remapper chain
[19:58:51] [main/DEBUG] (FabricLoader/Mixin) Selecting config fabric-item-api-v1.mixins.json
[19:58:51] [main/DEBUG] (FabricLoader/Mixin) Remapping refMap fabric-item-api-v1-refmap.json using remapper chain
[19:58:51] [main/DEBUG] (FabricLoader/Mixin) Selecting config fabric-item-api-v1.client.mixins.json
[19:58:51] [main/DEBUG] (FabricLoader/Mixin) Remapping refMap client-fabric-item-api-v1-refmap.json using remapper chain
[19:58:51] [main/DEBUG] (FabricLoader/Mixin) Selecting config fabric-gametest-api-v1.mixins.json
[19:58:51] [main/DEBUG] (FabricLoader/Mixin) Remapping refMap fabric-gametest-api-v1-refmap.json using remapper chain
[19:58:51] [main/DEBUG] (FabricLoader/Mixin) Selecting config fabric-loot-api-v3.mixins.json
[19:58:51] [main/DEBUG] (FabricLoader/Mixin) Remapping refMap fabric-loot-api-v3-refmap.json using remapper chain
[19:58:51] [main/DEBUG] (FabricLoader/Mixin) Selecting config fabric-object-builder-v1.mixins.json
[19:58:51] [main/DEBUG] (FabricLoader/Mixin) Remapping refMap fabric-object-builder-api-v1-refmap.json using remapper chain
[19:58:51] [main/DEBUG] (FabricLoader/Mixin) Selecting config fabric-object-builder-v1.client.mixins.json
[19:58:51] [main/DEBUG] (FabricLoader/Mixin) Remapping refMap client-fabric-object-builder-api-v1-refmap.json using remapper chain
[19:58:51] [main/DEBUG] (FabricLoader/Mixin) Selecting config fabric-renderer-indigo.mixins.json
[19:58:51] [main/DEBUG] (FabricLoader/Mixin) Remapping refMap client-fabric-renderer-indigo-refmap.json using remapper chain
[19:58:51] [main/DEBUG] (FabricLoader/Mixin) Selecting config fabric-convention-tags-api-v2.mixins.json
[19:58:51] [main/DEBUG] (FabricLoader/Mixin) Remapping refMap fabric-convention-tags-v2-refmap.json using remapper chain
[19:58:51] [main/DEBUG] (FabricLoader/Mixin) Selecting config mixins.brbe.json
[19:58:51] [main/DEBUG] (FabricLoader/Mixin) Selecting config mixins.brbe-common.json
[19:58:51] [main/DEBUG] (FabricLoader/Mixin) Selecting config mixins.brbe-common-compat.json
[19:58:51] [main/DEBUG] (FabricLoader/Mixin) Selecting config mixins.brbe-jei.json
[19:58:51] [main/DEBUG] (FabricLoader/Mixin) Selecting config mixins.brbe-rei-common.json
[19:58:51] [main/DEBUG] (FabricLoader/Mixin) Selecting config recipe-book-is-pain-extended.mixins.json
[19:58:51] [main/DEBUG] (FabricLoader/Mixin) Selecting config fabric-model-loading-api-v1.mixins.json
[19:58:51] [main/DEBUG] (FabricLoader/Mixin) Remapping refMap client-fabric-model-loading-api-v1-refmap.json using remapper chain
[19:58:51] [main/DEBUG] (FabricLoader/Mixin) Selecting config fabric-message-api-v1.mixins.json
[19:58:51] [main/DEBUG] (FabricLoader/Mixin) Remapping refMap fabric-message-api-v1-refmap.json using remapper chain
[19:58:51] [main/DEBUG] (FabricLoader/Mixin) Selecting config fabric-message-api-v1.client.mixins.json
[19:58:51] [main/DEBUG] (FabricLoader/Mixin) Remapping refMap client-fabric-message-api-v1-refmap.json using remapper chain
[19:58:51] [main/DEBUG] (FabricLoader/Mixin) Selecting config fabric-lifecycle-events-v1.mixins.json
[19:58:51] [main/DEBUG] (FabricLoader/Mixin) Remapping refMap fabric-lifecycle-events-v1-refmap.json using remapper chain
[19:58:51] [main/DEBUG] (FabricLoader/Mixin) Selecting config fabric-lifecycle-events-v1.client.mixins.json
[19:58:51] [main/DEBUG] (FabricLoader/Mixin) Remapping refMap client-fabric-lifecycle-events-v1-refmap.json using remapper chain
[19:58:51] [main/DEBUG] (FabricLoader/Mixin) Selecting config fabric-screen-handler-api-v1.mixins.json
[19:58:51] [main/DEBUG] (FabricLoader/Mixin) Remapping refMap fabric-screen-handler-api-v1-refmap.json using remapper chain
[19:58:51] [main/DEBUG] (FabricLoader/Mixin) Selecting config fabric-data-generation-api-v1.mixins.json
[19:58:51] [main/DEBUG] (FabricLoader/Mixin) Remapping refMap fabric-data-generation-api-v1-refmap.json using remapper chain
[19:58:51] [main/DEBUG] (FabricLoader/Mixin) Selecting config fabric-data-generation-api-v1.client.mixins.json
[19:58:51] [main/DEBUG] (FabricLoader/Mixin) Remapping refMap client-fabric-data-generation-api-v1-refmap.json using remapper chain
[19:58:51] [main/DEBUG] (FabricLoader/Mixin) Selecting config fabric-sound-api-v1.mixins.json
[19:58:51] [main/DEBUG] (FabricLoader/Mixin) Remapping refMap client-fabric-sound-api-v1-refmap.json using remapper chain
[19:58:51] [main/DEBUG] (FabricLoader/Mixin) Selecting config fabric-entity-events-v1.mixins.json
[19:58:51] [main/DEBUG] (FabricLoader/Mixin) Remapping refMap fabric-entity-events-v1-refmap.json using remapper chain
[19:58:51] [main/DEBUG] (FabricLoader/Mixin) Selecting config fabric-entity-events-v1.client.mixins.json
[19:58:51] [main/DEBUG] (FabricLoader/Mixin) Remapping refMap client-fabric-entity-events-v1-refmap.json using remapper chain
[19:58:51] [main/DEBUG] (FabricLoader/Mixin) Selecting config fabric-key-binding-api-v1.mixins.json
[19:58:51] [main/DEBUG] (FabricLoader/Mixin) Remapping refMap client-fabric-key-binding-api-v1-refmap.json using remapper chain
[19:58:51] [main/DEBUG] (FabricLoader/Mixin) Selecting config fabric-data-attachment-api-v1.mixins.json
[19:58:51] [main/DEBUG] (FabricLoader/Mixin) Remapping refMap fabric-data-attachment-api-v1-refmap.json using remapper chain
[19:58:51] [main/DEBUG] (FabricLoader/Mixin) Selecting config fabric-data-attachment-api-v1.client.mixins.json
[19:58:51] [main/DEBUG] (FabricLoader/Mixin) Remapping refMap client-fabric-data-attachment-api-v1-refmap.json using remapper chain
[19:58:51] [main/DEBUG] (FabricLoader/Mixin) Selecting config fabric-loot-api-v2.mixins.json
[19:58:51] [main/DEBUG] (FabricLoader/Mixin) Remapping refMap fabric-loot-api-v2-refmap.json using remapper chain
[19:58:51] [main/DEBUG] (FabricLoader/Mixin) Selecting config fabric-api-lookup-api-v1.mixins.json
[19:58:51] [main/DEBUG] (FabricLoader/Mixin) Remapping refMap fabric-api-lookup-api-v1-refmap.json using remapper chain
[19:58:51] [main/DEBUG] (FabricLoader/Mixin) Selecting config fabric-networking-api-v1.mixins.json
[19:58:51] [main/DEBUG] (FabricLoader/Mixin) Remapping refMap fabric-networking-api-v1-refmap.json using remapper chain
[19:58:51] [main/DEBUG] (FabricLoader/Mixin) Selecting config fabric-networking-api-v1.client.mixins.json
[19:58:51] [main/DEBUG] (FabricLoader/Mixin) Remapping refMap client-fabric-networking-api-v1-refmap.json using remapper chain
[19:58:51] [main/DEBUG] (FabricLoader/Mixin) Selecting config fabric-events-interaction-v0.mixins.json
[19:58:51] [main/DEBUG] (FabricLoader/Mixin) Remapping refMap fabric-events-interaction-v0-refmap.json using remapper chain
[19:58:51] [main/DEBUG] (FabricLoader/Mixin) Selecting config fabric-events-interaction-v0.client.mixins.json
[19:58:51] [main/DEBUG] (FabricLoader/Mixin) Remapping refMap client-fabric-events-interaction-v0-refmap.json using remapper chain
[19:58:51] [main/DEBUG] (FabricLoader/Mixin) Selecting config fabric-biome-api-v1.mixins.json
[19:58:51] [main/DEBUG] (FabricLoader/Mixin) Remapping refMap fabric-biome-api-v1-refmap.json using remapper chain
[19:58:51] [main/DEBUG] (FabricLoader/Mixin) Selecting config fabric-recipe-api-v1.mixins.json
[19:58:51] [main/DEBUG] (FabricLoader/Mixin) Remapping refMap fabric-recipe-api-v1-refmap.json using remapper chain
[19:58:51] [main/DEBUG] (FabricLoader/Mixin) Preparing fabric-rendering-v1.mixins.json (20)
[19:58:51] [main/DEBUG] (FabricLoader/Mixin) @Mixin target net/minecraft/client/renderer/ShaderInstance$1 is public in fabric-rendering-v1.mixins.json:shader.ShaderProgramImportProcessorMixin from mod fabric-rendering-v1 and should be specified in value
[19:58:51] [main/DEBUG] (FabricLoader/Mixin) Preparing fabric-renderer-api-v1.mixins.json (4)
[19:58:51] [main/DEBUG] (FabricLoader/Mixin) Preparing fabric-renderer-api-v1.debughud.mixins.json (1)
[19:58:51] [main/DEBUG] (FabricLoader/Mixin) Preparing fabric-content-registries-v0.mixins.json (13)
[19:58:51] [main/DEBUG] (FabricLoader/Mixin) Preparing fabric-item-group-api-v1.mixins.json (3)
[19:58:51] [main/DEBUG] (FabricLoader/Mixin) Preparing fabric-item-group-api-v1.client.mixins.json (1)
[19:58:51] [main/DEBUG] (FabricLoader/Mixin) Preparing fabric-transfer-api-v1.mixins.json (15)
[19:58:51] [main/DEBUG] (FabricLoader/Mixin) Preparing fabric-resource-conditions-api-v1.mixins.json (10)
[19:58:51] [main/DEBUG] (FabricLoader/Mixin) Preparing fabric-command-api-v2.mixins.json (5)
[19:58:51] [main/DEBUG] (FabricLoader/Mixin) Preparing fabric-command-api-v2.client.mixins.json (2)
[19:58:51] [main/DEBUG] (FabricLoader/Mixin) Preparing fabric-block-api-v1.mixins.json (5)
[19:58:51] [main/DEBUG] (FabricLoader/Mixin) @Mixin target net/minecraft/world/level/chunk/LevelChunkSection$1BlockCounter is public in fabric-block-api-v1.mixins.json:ChunkSectionBlockStateCounterMixin from mod fabric-block-api-v1 and should be specified in value
[19:58:51] [main/DEBUG] (FabricLoader/Mixin) Preparing fabric-rendering-fluids-v1.mixins.json (1)
[19:58:51] [main/DEBUG] (FabricLoader/Mixin) Preparing fabric-rendering-data-attachment-v1.mixins.json (2)
[19:58:51] [main/DEBUG] (FabricLoader/Mixin) Preparing fabric-rendering-data-attachment-v1.client.mixins.json (1)
[19:58:51] [main/DEBUG] (FabricLoader/Mixin) Preparing fabric-particles-v1.client.mixins.json (4)
[19:58:51] [main/DEBUG] (FabricLoader/Mixin) Preparing mixinextras.init.mixins.json (0)
[19:58:51] [main/DEBUG] (FabricLoader/Mixin) Preparing fabric-screen-api-v1.mixins.json (7)
[19:58:51] [main/DEBUG] (FabricLoader/Mixin) Preparing fabric-crash-report-info-v1.mixins.json (1)
[19:58:51] [main/DEBUG] (FabricLoader/Mixin) Preparing fabric-dimensions-v1.mixins.json (4)
[19:58:51] [main/DEBUG] (FabricLoader/Mixin) Preparing fabric-blockrenderlayer-v1.mixins.json (1)
[19:58:51] [main/DEBUG] (FabricLoader/Mixin) Preparing fabric-registry-sync-v0.mixins.json (15)
[19:58:51] [main/DEBUG] (FabricLoader/Mixin) Preparing fabric-registry-sync-v0.client.mixins.json (6)
[19:58:51] [main/DEBUG] (FabricLoader/Mixin) @Mixin target net/minecraft/client/multiplayer/RegistryDataCollector$ContentsCollector is public in fabric-registry-sync-v0.client.mixins.json:ClientRegistriesDynamicRegistriesMixin from mod fabric-registry-sync-v0 and should be specified in value
[19:58:51] [main/DEBUG] (FabricLoader/Mixin) Preparing fabric-resource-loader-v0.mixins.json (14)
[19:58:51] [main/DEBUG] (FabricLoader/Mixin) Preparing fabric-resource-loader-v0.client.mixins.json (8)
[19:58:51] [main/DEBUG] (FabricLoader/Mixin) @Mixin target net/minecraft/client/Options$3 is public in fabric-resource-loader-v0.client.mixins.json:GameOptionsWriteVisitorMixin from mod fabric-resource-loader-v0 and should be specified in value
[19:58:51] [main/DEBUG] (FabricLoader/Mixin) Preparing fabric-game-rule-api-v1.mixins.json (6)
[19:58:51] [main/DEBUG] (FabricLoader/Mixin) @Mixin target net/minecraft/server/commands/GameRuleCommand$1 is public in fabric-game-rule-api-v1.mixins.json:GameRuleCommandVisitorMixin from mod fabric-game-rule-api-v1 and should be specified in value
[19:58:51] [main/DEBUG] (FabricLoader/Mixin) Preparing fabric-game-rule-api-v1.client.mixins.json (3)
[19:58:51] [main/DEBUG] (FabricLoader/Mixin) @Mixin target net/minecraft/client/gui/screens/worldselection/EditGameRulesScreen$RuleList$1 is public in fabric-game-rule-api-v1.client.mixins.json:RuleListWidgetVisitorMixin from mod fabric-game-rule-api-v1 and should be specified in value
[19:58:51] [main/DEBUG] (FabricLoader/Mixin) Preparing fabric-block-view-api-v2.mixins.json (3)
[19:58:51] [main/DEBUG] (FabricLoader/Mixin) Preparing fabric-block-view-api-v2.client.mixins.json (2)
[19:58:51] [main/DEBUG] (FabricLoader/Mixin) Preparing fabric-item-api-v1.mixins.json (16)
[19:58:51] [main/DEBUG] (FabricLoader/Mixin) Preparing fabric-item-api-v1.client.mixins.json (3)
[19:58:51] [main/DEBUG] (FabricLoader/Mixin) Preparing fabric-gametest-api-v1.mixins.json (8)
[19:58:51] [main/DEBUG] (FabricLoader/Mixin) Preparing fabric-loot-api-v3.mixins.json (6)
[19:58:51] [main/DEBUG] (FabricLoader/Mixin) Preparing fabric-object-builder-v1.mixins.json (11)
[19:58:51] [main/DEBUG] (FabricLoader/Mixin) Preparing fabric-object-builder-v1.client.mixins.json (5)
[19:58:51] [main/DEBUG] (FabricLoader/Mixin) Preparing fabric-renderer-indigo.mixins.json (5)
[19:58:51] [main/DEBUG] (FabricLoader/Mixin) Preparing fabric-convention-tags-api-v2.mixins.json (1)
[19:58:51] [main/DEBUG] (FabricLoader/Mixin) Preparing mixins.brbe.json (1)
[19:58:51] [main/DEBUG] (FabricLoader/Mixin) Preparing mixins.brbe-common.json (56)
[19:58:51] [main/DEBUG] (FabricLoader/Mixin) @Mixin target net.minecraft.client.gui.screens.recipebook.OverlayRecipeComponent$OverlayRecipeButton is public in mixins.brbe-common.json:accessors.OverlayRecipeButtonAccessor from mod brbe and should be specified in value
[19:58:51] [main/DEBUG] (FabricLoader/Mixin) @Mixin target net.minecraft.client.gui.screens.recipebook.OverlayRecipeComponent$OverlayRecipeButton$Pos is public in mixins.brbe-common.json:accessors.OverlayRecipeButtonPosAccessor from mod brbe and should be specified in value
[19:58:51] [main/DEBUG] (FabricLoader/Mixin) @Mixin target net.minecraft.client.gui.screens.recipebook.OverlayRecipeComponent$OverlayRecipeButton is public in mixins.brbe-common.json:alternativerecipes.OverlayRecipeButtonMixin from mod brbe and should be specified in value
[19:58:51] [main/DEBUG] (FabricLoader/Mixin) @Mixin target net.minecraft.client.gui.components.toasts.ToastComponent$ToastInstance is public in mixins.brbe-common.json:toasts.SuppressUnlockSound from mod brbe and should be specified in value
[19:58:51] [main/DEBUG] (FabricLoader/Mixin) Preparing mixins.brbe-common-compat.json (1)
[19:58:51] [main/DEBUG] (FabricLoader/Mixin) Preparing mixins.brbe-jei.json (2)
[19:58:51] [main/WARN] (FabricLoader/Mixin) Error loading class: mezz/jei/gui/overlay/IngredientListOverlay (java.lang.ClassNotFoundException: mezz/jei/gui/overlay/IngredientListOverlay)
[19:58:51] [main/WARN] (FabricLoader/Mixin) @Mixin target mezz.jei.gui.overlay.IngredientListOverlay was not found mixins.brbe-jei.json:IngredientListOverlayMixin from mod brbe
[19:58:51] [main/WARN] (FabricLoader/Mixin) Error loading class: mezz/jei/gui/overlay/bookmarks/BookmarkOverlay (java.lang.ClassNotFoundException: mezz/jei/gui/overlay/bookmarks/BookmarkOverlay)
[19:58:51] [main/WARN] (FabricLoader/Mixin) @Mixin target mezz.jei.gui.overlay.bookmarks.BookmarkOverlay was not found mixins.brbe-jei.json:BookmarkOverlayMixin from mod brbe
[19:58:51] [main/DEBUG] (FabricLoader/Mixin) Preparing mixins.brbe-rei-common.json (1)
[19:58:51] [main/DEBUG] (FabricLoader/Mixin) Preparing recipe-book-is-pain-extended.mixins.json (6)
[19:58:51] [main/DEBUG] (FabricLoader/Mixin) Preparing fabric-model-loading-api-v1.mixins.json (4)
[19:58:51] [main/DEBUG] (FabricLoader/Mixin) @Mixin target net/minecraft/client/resources/model/ModelBakery$ModelBakerImpl is public in fabric-model-loading-api-v1.mixins.json:ModelLoaderBakerImplMixin from mod fabric-model-loading-api-v1 and should be specified in value
[19:58:51] [main/DEBUG] (FabricLoader/Mixin) Preparing fabric-message-api-v1.mixins.json (2)
[19:58:51] [main/DEBUG] (FabricLoader/Mixin) Preparing fabric-message-api-v1.client.mixins.json (2)
[19:58:51] [main/DEBUG] (FabricLoader/Mixin) Preparing fabric-lifecycle-events-v1.mixins.json (11)
[19:58:51] [main/DEBUG] (FabricLoader/Mixin) @Mixin target net/minecraft/server/level/ServerLevel$EntityCallbacks is public in fabric-lifecycle-events-v1.mixins.json:ServerWorldServerEntityHandlerMixin from mod fabric-lifecycle-events-v1 and should be specified in value
[19:58:51] [main/DEBUG] (FabricLoader/Mixin) Preparing fabric-lifecycle-events-v1.client.mixins.json (7)
[19:58:51] [main/DEBUG] (FabricLoader/Mixin) @Mixin target net/minecraft/client/multiplayer/ClientLevel$EntityCallbacks is public in fabric-lifecycle-events-v1.client.mixins.json:ClientWorldClientEntityHandlerMixin from mod fabric-lifecycle-events-v1 and should be specified in value
[19:58:51] [main/DEBUG] (FabricLoader/Mixin) Preparing fabric-screen-handler-api-v1.mixins.json (2)
[19:58:51] [main/DEBUG] (FabricLoader/Mixin) Preparing fabric-data-generation-api-v1.mixins.json (12)
[19:58:51] [main/DEBUG] (FabricLoader/Mixin) Preparing fabric-data-generation-api-v1.client.mixins.json (1)
[19:58:51] [main/DEBUG] (FabricLoader/Mixin) Preparing fabric-sound-api-v1.mixins.json (2)
[19:58:51] [main/DEBUG] (FabricLoader/Mixin) Preparing fabric-entity-events-v1.mixins.json (12)
[19:58:51] [main/DEBUG] (FabricLoader/Mixin) Preparing fabric-entity-events-v1.client.mixins.json (1)
[19:58:51] [main/DEBUG] (FabricLoader/Mixin) Preparing fabric-key-binding-api-v1.mixins.json (2)
[19:58:51] [main/DEBUG] (FabricLoader/Mixin) Preparing fabric-data-attachment-api-v1.mixins.json (15)
[19:58:51] [main/DEBUG] (FabricLoader/Mixin) Preparing fabric-data-attachment-api-v1.client.mixins.json (1)
[19:58:51] [main/DEBUG] (FabricLoader/Mixin) Preparing fabric-loot-api-v2.mixins.json (2)
[19:58:51] [main/DEBUG] (FabricLoader/Mixin) Preparing fabric-api-lookup-api-v1.mixins.json (2)
[19:58:51] [main/DEBUG] (FabricLoader/Mixin) Preparing fabric-networking-api-v1.mixins.json (19)
[19:58:51] [main/DEBUG] (FabricLoader/Mixin) @Mixin target net/minecraft/network/protocol/common/custom/CustomPacketPayload$1 is public in fabric-networking-api-v1.mixins.json:CustomPayloadPacketCodecMixin from mod fabric-networking-api-v1 and should be specified in value
[19:58:51] [main/DEBUG] (FabricLoader/Mixin) @Mixin target net/minecraft/server/level/ChunkMap$TrackedEntity is public in fabric-networking-api-v1.mixins.json:accessor.EntityTrackerAccessor from mod fabric-networking-api-v1 and should be specified in value
[19:58:51] [main/DEBUG] (FabricLoader/Mixin) Preparing fabric-networking-api-v1.client.mixins.json (9)
[19:58:51] [main/DEBUG] (FabricLoader/Mixin) Preparing fabric-events-interaction-v0.mixins.json (4)
[19:58:51] [main/DEBUG] (FabricLoader/Mixin) @Mixin target net/minecraft/server/network/ServerGamePacketListenerImpl$1 is public in fabric-events-interaction-v0.mixins.json:ServerPlayNetworkHandlerMixin from mod fabric-events-interaction-v0 and should be specified in value
[19:58:51] [main/DEBUG] (FabricLoader/Mixin) Preparing fabric-events-interaction-v0.client.mixins.json (3)
[19:58:51] [main/DEBUG] (FabricLoader/Mixin) Preparing fabric-biome-api-v1.mixins.json (9)
[19:58:51] [main/DEBUG] (FabricLoader/Mixin) @Mixin target net/minecraft/world/level/biome/MultiNoiseBiomeSourceParameterList$Preset$1 is public in fabric-biome-api-v1.mixins.json:NetherBiomePresetMixin from mod fabric-biome-api-v1 and should be specified in value
[19:58:51] [main/DEBUG] (FabricLoader/Mixin) Preparing fabric-recipe-api-v1.mixins.json (4)
[19:58:51] [main/WARN] (FabricLoader/Mixin) Error loading class: java/lang/invoke/MethodHandles$Lookup (java.lang.IllegalArgumentException: Unsupported class file major version 69)
[19:58:51] [main/WARN] (FabricLoader/Mixin) Error loading class: java/lang/invoke/MethodHandles$Lookup (java.lang.IllegalArgumentException: Unsupported class file major version 69)
[19:58:51] [main/WARN] (FabricLoader/Mixin) Error loading class: java/util/Map$Entry (java.lang.IllegalArgumentException: Unsupported class file major version 69)
[19:58:51] [main/WARN] (FabricLoader/Mixin) Error loading class: java/lang/invoke/MethodHandles$Lookup (java.lang.IllegalArgumentException: Unsupported class file major version 69)
[19:58:51] [main/WARN] (FabricLoader/Mixin) Error loading class: java/lang/invoke/MethodHandles$Lookup (java.lang.IllegalArgumentException: Unsupported class file major version 69)
[19:58:51] [main/WARN] (FabricLoader/Mixin) Error loading class: java/lang/invoke/MethodHandles$Lookup (java.lang.IllegalArgumentException: Unsupported class file major version 69)
[19:58:51] [main/WARN] (FabricLoader/Mixin) Error loading class: java/lang/invoke/MethodHandles$Lookup (java.lang.IllegalArgumentException: Unsupported class file major version 69)
[19:58:51] [main/WARN] (FabricLoader/Mixin) Error loading class: java/lang/invoke/MethodHandles$Lookup (java.lang.IllegalArgumentException: Unsupported class file major version 69)
[19:58:51] [main/WARN] (FabricLoader/Mixin) Error loading class: java/lang/invoke/MethodHandles$Lookup (java.lang.IllegalArgumentException: Unsupported class file major version 69)
[19:58:51] [main/WARN] (FabricLoader/Mixin) Error loading class: java/lang/invoke/MethodHandles$Lookup (java.lang.IllegalArgumentException: Unsupported class file major version 69)
[19:58:51] [main/DEBUG] (FabricLoader/Mixin) Inner class net/fabricmc/fabric/mixin/itemgroup/ItemGroupsMixin$1ItemGroupPosition in net/fabricmc/fabric/mixin/itemgroup/ItemGroupsMixin on net/minecraft/world/item/CreativeModeTabs gets unique name net/minecraft/world/item/CreativeModeTabs$1ItemGroupPosition$6bf6258bbcae42999d37b17b205679b8
[19:58:51] [main/WARN] (FabricLoader/Mixin) Error loading class: java/lang/invoke/MethodHandles$Lookup (java.lang.IllegalArgumentException: Unsupported class file major version 69)
[19:58:51] [main/DEBUG] (FabricLoader/Mixin) Inner class net/fabricmc/fabric/mixin/transfer/ChiseledBookshelfBlockEntityMixin$1 in net/fabricmc/fabric/mixin/transfer/ChiseledBookshelfBlockEntityMixin on net/minecraft/world/level/block/entity/ChiseledBookShelfBlockEntity gets unique name net/minecraft/world/level/block/entity/ChiseledBookShelfBlockEntity$Anonymous$a4978a88515a497bad7a8466dbc488ad
[19:58:51] [main/WARN] (FabricLoader/Mixin) Error loading class: java/lang/invoke/MethodHandles$Lookup (java.lang.IllegalArgumentException: Unsupported class file major version 69)
[19:58:51] [main/WARN] (FabricLoader/Mixin) Error loading class: java/lang/invoke/MethodHandles$Lookup (java.lang.IllegalArgumentException: Unsupported class file major version 69)
[19:58:51] [main/WARN] (FabricLoader/Mixin) Error loading class: java/util/Map$Entry (java.lang.IllegalArgumentException: Unsupported class file major version 69)
[19:58:51] [main/WARN] (FabricLoader/Mixin) Error loading class: java/lang/invoke/MethodHandles$Lookup (java.lang.IllegalArgumentException: Unsupported class file major version 69)
[19:58:51] [main/WARN] (FabricLoader/Mixin) Error loading class: java/lang/invoke/MethodHandles$Lookup (java.lang.IllegalArgumentException: Unsupported class file major version 69)
[19:58:51] [main/WARN] (FabricLoader/Mixin) Error loading class: java/lang/invoke/MethodHandles$Lookup (java.lang.IllegalArgumentException: Unsupported class file major version 69)
[19:58:51] [main/WARN] (FabricLoader/Mixin) Error loading class: java/lang/invoke/MethodHandles$Lookup (java.lang.IllegalArgumentException: Unsupported class file major version 69)
[19:58:51] [main/WARN] (FabricLoader/Mixin) Error loading class: java/lang/invoke/MethodHandles$Lookup (java.lang.IllegalArgumentException: Unsupported class file major version 69)
[19:58:51] [main/WARN] (FabricLoader/Mixin) Error loading class: java/lang/invoke/MethodHandles$Lookup (java.lang.IllegalArgumentException: Unsupported class file major version 69)
[19:58:51] [main/WARN] (FabricLoader/Mixin) Error loading class: java/lang/invoke/MethodHandles$Lookup (java.lang.IllegalArgumentException: Unsupported class file major version 69)
[19:58:51] [main/WARN] (FabricLoader/Mixin) Error loading class: java/util/Map$Entry (java.lang.IllegalArgumentException: Unsupported class file major version 69)
[19:58:51] [main/WARN] (FabricLoader/Mixin) Error loading class: java/lang/invoke/MethodHandles$Lookup (java.lang.IllegalArgumentException: Unsupported class file major version 69)
[19:58:51] [main/WARN] (FabricLoader/Mixin) Error loading class: java/lang/invoke/MethodHandles$Lookup (java.lang.IllegalArgumentException: Unsupported class file major version 69)
[19:58:51] [main/WARN] (FabricLoader/Mixin) Error loading class: java/lang/invoke/MethodHandles$Lookup (java.lang.IllegalArgumentException: Unsupported class file major version 69)
[19:58:51] [main/WARN] (FabricLoader/Mixin) Error loading class: java/lang/invoke/MethodHandles$Lookup (java.lang.IllegalArgumentException: Unsupported class file major version 69)
[19:58:51] [main/WARN] (FabricLoader/Mixin) Error loading class: java/lang/invoke/MethodHandles$Lookup (java.lang.IllegalArgumentException: Unsupported class file major version 69)
[19:58:51] [main/WARN] (FabricLoader/Mixin) Error loading class: java/lang/invoke/MethodHandles$Lookup (java.lang.IllegalArgumentException: Unsupported class file major version 69)
[19:58:51] [main/WARN] (FabricLoader/Mixin) Error loading class: java/lang/invoke/MethodHandles$Lookup (java.lang.IllegalArgumentException: Unsupported class file major version 69)
[19:58:51] [main/WARN] (FabricLoader/Mixin) Error loading class: java/lang/invoke/MethodHandles$Lookup (java.lang.IllegalArgumentException: Unsupported class file major version 69)
[19:58:51] [main/WARN] (FabricLoader/Mixin) Error loading class: java/lang/invoke/MethodHandles$Lookup (java.lang.IllegalArgumentException: Unsupported class file major version 69)
[19:58:51] [main/WARN] (FabricLoader/Mixin) Error loading class: java/lang/invoke/MethodHandles$Lookup (java.lang.IllegalArgumentException: Unsupported class file major version 69)
[19:58:51] [main/WARN] (FabricLoader/Mixin) Error loading class: java/lang/invoke/MethodHandles$Lookup (java.lang.IllegalArgumentException: Unsupported class file major version 69)
[19:58:51] [main/WARN] (FabricLoader/Mixin) Error loading class: java/util/Map$Entry (java.lang.IllegalArgumentException: Unsupported class file major version 69)
[19:58:51] [main/WARN] (FabricLoader/Mixin) Error loading class: java/lang/invoke/MethodHandles$Lookup (java.lang.IllegalArgumentException: Unsupported class file major version 69)
[19:58:51] [main/WARN] (FabricLoader/Mixin) Error loading class: java/lang/invoke/MethodHandles$Lookup (java.lang.IllegalArgumentException: Unsupported class file major version 69)
[19:58:51] [main/WARN] (FabricLoader/Mixin) Error loading class: java/util/Map$Entry (java.lang.IllegalArgumentException: Unsupported class file major version 69)
[19:58:51] [main/WARN] (FabricLoader/Mixin) Error loading class: java/lang/invoke/MethodHandles$Lookup (java.lang.IllegalArgumentException: Unsupported class file major version 69)
[19:58:51] [main/WARN] (FabricLoader/Mixin) Error loading class: java/lang/invoke/MethodHandles$Lookup (java.lang.IllegalArgumentException: Unsupported class file major version 69)
[19:58:51] [main/WARN] (FabricLoader/Mixin) Error loading class: java/lang/invoke/MethodHandles$Lookup (java.lang.IllegalArgumentException: Unsupported class file major version 69)
[19:58:51] [main/WARN] (FabricLoader/Mixin) Error loading class: java/lang/invoke/MethodHandles$Lookup (java.lang.IllegalArgumentException: Unsupported class file major version 69)
[19:58:51] [main/WARN] (FabricLoader/Mixin) Error loading class: java/lang/invoke/MethodHandles$Lookup (java.lang.IllegalArgumentException: Unsupported class file major version 69)
[19:58:51] [main/WARN] (FabricLoader/Mixin) Error loading class: java/util/Map$Entry (java.lang.IllegalArgumentException: Unsupported class file major version 69)
[19:58:51] [main/WARN] (FabricLoader/Mixin) Error loading class: java/lang/invoke/MethodHandles$Lookup (java.lang.IllegalArgumentException: Unsupported class file major version 69)
[19:58:51] [main/WARN] (FabricLoader/Mixin) Error loading class: java/lang/invoke/MethodHandles$Lookup (java.lang.IllegalArgumentException: Unsupported class file major version 69)
[19:58:51] [main/WARN] (FabricLoader/Mixin) Error loading class: java/lang/invoke/MethodHandles$Lookup (java.lang.IllegalArgumentException: Unsupported class file major version 69)
[19:58:51] [main/WARN] (FabricLoader/Mixin) Error loading class: java/lang/invoke/MethodHandles$Lookup (java.lang.IllegalArgumentException: Unsupported class file major version 69)
[19:58:51] [main/WARN] (FabricLoader/Mixin) Error loading class: java/lang/invoke/MethodHandles$Lookup (java.lang.IllegalArgumentException: Unsupported class file major version 69)
[19:58:51] [main/WARN] (FabricLoader/Mixin) Error loading class: java/lang/invoke/MethodHandles$Lookup (java.lang.IllegalArgumentException: Unsupported class file major version 69)
[19:58:51] [main/WARN] (FabricLoader/Mixin) Error loading class: java/lang/invoke/MethodHandles$Lookup (java.lang.IllegalArgumentException: Unsupported class file major version 69)
[19:58:51] [main/WARN] (FabricLoader/Mixin) Error loading class: java/lang/invoke/MethodHandles$Lookup (java.lang.IllegalArgumentException: Unsupported class file major version 69)
[19:58:51] [main/WARN] (FabricLoader/Mixin) Error loading class: java/lang/invoke/MethodHandles$Lookup (java.lang.IllegalArgumentException: Unsupported class file major version 69)
[19:58:51] [main/WARN] (FabricLoader/Mixin) Error loading class: java/lang/invoke/MethodHandles$Lookup (java.lang.IllegalArgumentException: Unsupported class file major version 69)
[19:58:51] [main/WARN] (FabricLoader/Mixin) Error loading class: java/lang/invoke/MethodHandles$Lookup (java.lang.IllegalArgumentException: Unsupported class file major version 69)
[19:58:51] [main/WARN] (FabricLoader/Mixin) Error loading class: java/lang/invoke/MethodHandles$Lookup (java.lang.IllegalArgumentException: Unsupported class file major version 69)
[19:58:51] [main/WARN] (FabricLoader/Mixin) Error loading class: java/lang/invoke/MethodHandles$Lookup (java.lang.IllegalArgumentException: Unsupported class file major version 69)
[19:58:51] [main/WARN] (FabricLoader/Mixin) Error loading class: java/lang/invoke/MethodHandles$Lookup (java.lang.IllegalArgumentException: Unsupported class file major version 69)
[19:58:51] [main/WARN] (FabricLoader/Mixin) Error loading class: java/lang/invoke/MethodHandles$Lookup (java.lang.IllegalArgumentException: Unsupported class file major version 69)
[19:58:51] [main/WARN] (FabricLoader/Mixin) Error loading class: java/lang/invoke/MethodHandles$Lookup (java.lang.IllegalArgumentException: Unsupported class file major version 69)
[19:58:51] [main/WARN] (FabricLoader/Mixin) Error loading class: java/lang/invoke/MethodHandles$Lookup (java.lang.IllegalArgumentException: Unsupported class file major version 69)
[19:58:51] [main/WARN] (FabricLoader/Mixin) Error loading class: java/lang/invoke/MethodHandles$Lookup (java.lang.IllegalArgumentException: Unsupported class file major version 69)
[19:58:51] [main/WARN] (FabricLoader/Mixin) Error loading class: java/lang/invoke/MethodHandles$Lookup (java.lang.IllegalArgumentException: Unsupported class file major version 69)
[19:58:51] [main/WARN] (FabricLoader/Mixin) Error loading class: java/lang/invoke/MethodHandles$Lookup (java.lang.IllegalArgumentException: Unsupported class file major version 69)
[19:58:51] [main/WARN] (FabricLoader/Mixin) Error loading class: java/lang/invoke/MethodHandles$Lookup (java.lang.IllegalArgumentException: Unsupported class file major version 69)
[19:58:51] [main/WARN] (FabricLoader/Mixin) Error loading class: java/lang/invoke/MethodHandles$Lookup (java.lang.IllegalArgumentException: Unsupported class file major version 69)
[19:58:51] [main/WARN] (FabricLoader/Mixin) Error loading class: java/util/Map$Entry (java.lang.IllegalArgumentException: Unsupported class file major version 69)
[19:58:51] [main/WARN] (FabricLoader/Mixin) Error loading class: java/lang/invoke/MethodHandles$Lookup (java.lang.IllegalArgumentException: Unsupported class file major version 69)
[19:58:51] [main/WARN] (FabricLoader/Mixin) Error loading class: java/util/Map$Entry (java.lang.IllegalArgumentException: Unsupported class file major version 69)
[19:58:51] [main/WARN] (FabricLoader/Mixin) Error loading class: java/lang/invoke/MethodHandles$Lookup (java.lang.IllegalArgumentException: Unsupported class file major version 69)
[19:58:51] [main/WARN] (FabricLoader/Mixin) Error loading class: java/lang/invoke/MethodHandles$Lookup (java.lang.IllegalArgumentException: Unsupported class file major version 69)
[19:58:51] [main/WARN] (FabricLoader/Mixin) Error loading class: java/lang/invoke/MethodHandles$Lookup (java.lang.IllegalArgumentException: Unsupported class file major version 69)
[19:58:51] [main/WARN] (FabricLoader/Mixin) Error loading class: java/lang/invoke/MethodHandles$Lookup (java.lang.IllegalArgumentException: Unsupported class file major version 69)
[19:58:51] [main/WARN] (FabricLoader/Mixin) Error loading class: java/lang/invoke/MethodHandles$Lookup (java.lang.IllegalArgumentException: Unsupported class file major version 69)
[19:58:51] [main/WARN] (FabricLoader/Mixin) Error loading class: java/lang/invoke/MethodHandles$Lookup (java.lang.IllegalArgumentException: Unsupported class file major version 69)
[19:58:51] [main/WARN] (FabricLoader/Mixin) Error loading class: java/lang/invoke/MethodHandles$Lookup (java.lang.IllegalArgumentException: Unsupported class file major version 69)
[19:58:51] [main/WARN] (FabricLoader/Mixin) Error loading class: java/util/Map$Entry (java.lang.IllegalArgumentException: Unsupported class file major version 69)
[19:58:51] [main/WARN] (FabricLoader/Mixin) Error loading class: java/lang/invoke/MethodHandles$Lookup (java.lang.IllegalArgumentException: Unsupported class file major version 69)
[19:58:51] [main/WARN] (FabricLoader/Mixin) Error loading class: java/lang/invoke/MethodHandles$Lookup (java.lang.IllegalArgumentException: Unsupported class file major version 69)
[19:58:51] [main/WARN] (FabricLoader/Mixin) Error loading class: java/lang/invoke/MethodHandles$Lookup (java.lang.IllegalArgumentException: Unsupported class file major version 69)
[19:58:51] [main/WARN] (FabricLoader/Mixin) Error loading class: java/lang/invoke/MethodHandles$Lookup (java.lang.IllegalArgumentException: Unsupported class file major version 69)
[19:58:51] [main/WARN] (FabricLoader/Mixin) Error loading class: java/lang/invoke/MethodHandles$Lookup (java.lang.IllegalArgumentException: Unsupported class file major version 69)
[19:58:51] [main/WARN] (FabricLoader/Mixin) Error loading class: java/lang/invoke/MethodHandles$Lookup (java.lang.IllegalArgumentException: Unsupported class file major version 69)
[19:58:51] [main/WARN] (FabricLoader/Mixin) Error loading class: java/lang/invoke/MethodHandles$Lookup (java.lang.IllegalArgumentException: Unsupported class file major version 69)
[19:58:51] [main/WARN] (FabricLoader/Mixin) Error loading class: java/lang/invoke/MethodHandles$Lookup (java.lang.IllegalArgumentException: Unsupported class file major version 69)
[19:58:51] [main/DEBUG] (FabricLoader/Mixin) Prepared 398 mixins in 0.424 sec (1.1ms avg) (0ms load, 0ms transform, 0ms plugin)
[19:58:51] [main/DEBUG] (io.netty.util.internal.logging.InternalLoggerFactory) Using SLF4J as the default logging framework
[19:58:51] [main/DEBUG] (io.netty.util.ResourceLeakDetector) -Dio.netty.leakDetection.level: simple
[19:58:51] [main/DEBUG] (io.netty.util.ResourceLeakDetector) -Dio.netty.leakDetection.targetRecords: 4
[19:58:51] [main/INFO] (FabricLoader/MixinExtras|Service) Initializing MixinExtras via com.llamalad7.mixinextras.service.MixinExtrasServiceImpl(version=0.4.0).
[19:58:51] [main/DEBUG] (FabricLoader/Mixin) Registering new injector for @SugarWrapper with com.llamalad7.mixinextras.sugar.impl.SugarWrapperInjectionInfo
[19:58:51] [main/DEBUG] (FabricLoader/Mixin) Registering new injector for @FactoryRedirectWrapper with com.llamalad7.mixinextras.wrapper.factory.FactoryRedirectWrapperInjectionInfo
[19:58:51] [main/DEBUG] (FabricLoader/Mixin) Mixing TaggedChoiceMixin from fabric-dimensions-v1.mixins.json into com.mojang.datafixers.types.templates.TaggedChoice
[19:58:51] [main/DEBUG] (FabricLoader/Mixin) fabric-dimensions-v1.mixins.json:TaggedChoiceMixin from mod fabric-dimensions-v1: Class version 65 required is higher than the class version supported by the current version of Mixin (JAVA_17 supports class version 61)
[19:58:51] [main/DEBUG] (FabricLoader/Mixin) fabric-dimensions-v1.mixins.json:TaggedChoiceMixin from mod fabric-dimensions-v1->@Inject::onApply(Lcom/mojang/datafixers/util/Pair;Lorg/spongepowered/asm/mixin/injection/callback/CallbackInfoReturnable;)V does use it's CallbackInfoReturnable
[19:58:51] [main/DEBUG] (FabricLoader/Mixin) Mixing TaggedChoiceTypeMixin from fabric-dimensions-v1.mixins.json into com.mojang.datafixers.types.templates.TaggedChoice$TaggedChoiceType
[19:58:51] [main/DEBUG] (FabricLoader/Mixin) fabric-dimensions-v1.mixins.json:TaggedChoiceTypeMixin from mod fabric-dimensions-v1: Class version 65 required is higher than the class version supported by the current version of Mixin (JAVA_17 supports class version 61)
[19:58:51] [main/DEBUG] (FabricLoader/Mixin) fabric-dimensions-v1.mixins.json:TaggedChoiceTypeMixin from mod fabric-dimensions-v1->@Inject::onGetCodec(Ljava/lang/Object;Lorg/spongepowered/asm/mixin/injection/callback/CallbackInfoReturnable;)V does use it's CallbackInfoReturnable
[19:58:52] [main/DEBUG] (FabricLoader/Mixin) Mixing Schema2832Mixin from fabric-dimensions-v1.mixins.json into net.minecraft.util.datafix.schemas.V2832
[19:58:52] [main/DEBUG] (FabricLoader/Mixin) fabric-dimensions-v1.mixins.json:Schema2832Mixin from mod fabric-dimensions-v1: Class version 65 required is higher than the class version supported by the current version of Mixin (JAVA_17 supports class version 61)
[19:58:52] [main/WARN] (FabricLoader/Mixin) Error loading class: java/lang/String (java.lang.IllegalArgumentException: Unsupported class file major version 69)
[19:58:52] [main/ERROR] (FabricLoader/Mixin) Mixin apply for mod fabric-dimensions-v1 failed fabric-dimensions-v1.mixins.json:Schema2832Mixin from mod fabric-dimensions-v1 -> net.minecraft.util.datafix.schemas.V2832: org.spongepowered.asm.mixin.transformer.throwables.InvalidMixinException Unexpecteded ClassMetadataNotFoundException whilst transforming the mixin class: [MAIN Applicator Phase -> fabric-dimensions-v1.mixins.json:Schema2832Mixin from mod fabric-dimensions-v1 -> Apply Methods -> (Ljava/lang/String;Lcom/mojang/datafixers/types/Type;Ljava/util/Map;)Lcom/mojang/datafixers/types/templates/TaggedChoice;:redirect$zdp000$fabric-dimensions-v1$redirectTaggedChoiceLazy -> Transform LVT -> var=name -> desc=Ljava/lang/String;]
org.spongepowered.asm.mixin.transformer.throwables.InvalidMixinException: Unexpecteded ClassMetadataNotFoundException whilst transforming the mixin class: [MAIN Applicator Phase -> fabric-dimensions-v1.mixins.json:Schema2832Mixin from mod fabric-dimensions-v1 -> Apply Methods -> (Ljava/lang/String;Lcom/mojang/datafixers/types/Type;Ljava/util/Map;)Lcom/mojang/datafixers/types/templates/TaggedChoice;:redirect$zdp000$fabric-dimensions-v1$redirectTaggedChoiceLazy -> Transform LVT -> var=name -> desc=Ljava/lang/String;]
	at org.spongepowered.asm.mixin.transformer.MixinTargetContext.transformMethod(MixinTargetContext.java:520) ~[sponge-mixin-0.15.0+mixin.0.8.7.jar:0.15.0+mixin.0.8.7]
	at org.spongepowered.asm.mixin.transformer.MixinApplicatorStandard.applyNormalMethod(MixinApplicatorStandard.java:463) ~[sponge-mixin-0.15.0+mixin.0.8.7.jar:0.15.0+mixin.0.8.7]
	at org.spongepowered.asm.mixin.transformer.MixinApplicatorStandard.applyMethods(MixinApplicatorStandard.java:449) ~[sponge-mixin-0.15.0+mixin.0.8.7.jar:0.15.0+mixin.0.8.7]
	at org.spongepowered.asm.mixin.transformer.MixinApplicatorStandard.applyMixin(MixinApplicatorStandard.java:308) ~[sponge-mixin-0.15.0+mixin.0.8.7.jar:0.15.0+mixin.0.8.7]
	at org.spongepowered.asm.mixin.transformer.MixinApplicatorStandard.apply(MixinApplicatorStandard.java:246) ~[sponge-mixin-0.15.0+mixin.0.8.7.jar:0.15.0+mixin.0.8.7]
	at org.spongepowered.asm.mixin.transformer.TargetClassContext.apply(TargetClassContext.java:437) ~[sponge-mixin-0.15.0+mixin.0.8.7.jar:0.15.0+mixin.0.8.7]
	at org.spongepowered.asm.mixin.transformer.TargetClassContext.applyMixins(TargetClassContext.java:418) ~[sponge-mixin-0.15.0+mixin.0.8.7.jar:0.15.0+mixin.0.8.7]
	at org.spongepowered.asm.mixin.transformer.MixinProcessor.applyMixins(MixinProcessor.java:363) [sponge-mixin-0.15.0+mixin.0.8.7.jar:0.15.0+mixin.0.8.7]
	at org.spongepowered.asm.mixin.transformer.MixinTransformer.transformClass(MixinTransformer.java:234) [sponge-mixin-0.15.0+mixin.0.8.7.jar:0.15.0+mixin.0.8.7]
	at org.spongepowered.asm.mixin.transformer.MixinTransformer.transformClassBytes(MixinTransformer.java:202) [sponge-mixin-0.15.0+mixin.0.8.7.jar:0.15.0+mixin.0.8.7]
	at net.fabricmc.loader.impl.launch.knot.KnotClassDelegate.getPostMixinClassByteArray(KnotClassDelegate.java:422) [fabric-loader-0.16.0.jar:?]
	at net.fabricmc.loader.impl.launch.knot.KnotClassDelegate.tryLoadClass(KnotClassDelegate.java:323) [fabric-loader-0.16.0.jar:?]
	at net.fabricmc.loader.impl.launch.knot.KnotClassDelegate.loadClass(KnotClassDelegate.java:218) [fabric-loader-0.16.0.jar:?]
	at net.fabricmc.loader.impl.launch.knot.KnotClassLoader.loadClass(KnotClassLoader.java:119) [fabric-loader-0.16.0.jar:?]
	at java.base/java.lang.ClassLoader.loadClass(ClassLoader.java:490) [?:?]
	at net.minecraft.util.datafix.DataFixers.addFixers(DataFixers.java:1035) [minecraft-merged-a1c774aec4-1.21.1-loom.mappings.1_21_1.layered+hash.40359-v2.jar:?]
	at net.minecraft.util.datafix.DataFixers.createFixerUpper(DataFixers.java:329) [minecraft-merged-a1c774aec4-1.21.1-loom.mappings.1_21_1.layered+hash.40359-v2.jar:?]
	at net.minecraft.util.datafix.DataFixers.<clinit>(DataFixers.java:317) [minecraft-merged-a1c774aec4-1.21.1-loom.mappings.1_21_1.layered+hash.40359-v2.jar:?]
	at net.minecraft.client.main.Main.main(Main.java:124) [minecraft-merged-a1c774aec4-1.21.1-loom.mappings.1_21_1.layered+hash.40359-v2.jar:?]
	at net.fabricmc.loader.impl.game.minecraft.MinecraftGameProvider.launch(MinecraftGameProvider.java:480) [fabric-loader-0.16.0.jar:?]
	at net.fabricmc.loader.impl.launch.knot.Knot.launch(Knot.java:74) [fabric-loader-0.16.0.jar:?]
	at net.fabricmc.loader.impl.launch.knot.KnotClient.main(KnotClient.java:23) [fabric-loader-0.16.0.jar:?]
	at net.fabricmc.devlaunchinjector.Main.main(Main.java:86) [dev-launch-injector-0.2.1+build.8.jar:?]
	at dev.architectury.transformer.TransformerRuntime.main(TransformerRuntime.java:220) [architectury-transformer-5.2.91-runtime.jar:5.2.91]
Caused by: org.spongepowered.asm.mixin.throwables.ClassMetadataNotFoundException: java.lang.String
	at org.spongepowered.asm.mixin.transformer.MixinTargetContext.transformSingleDescriptor(MixinTargetContext.java:1016) ~[sponge-mixin-0.15.0+mixin.0.8.7.jar:0.15.0+mixin.0.8.7]
	at org.spongepowered.asm.mixin.transformer.MixinTargetContext.transformSingleDescriptor(MixinTargetContext.java:976) ~[sponge-mixin-0.15.0+mixin.0.8.7.jar:0.15.0+mixin.0.8.7]
	at org.spongepowered.asm.mixin.transformer.MixinTargetContext.transformLVT(MixinTargetContext.java:573) ~[sponge-mixin-0.15.0+mixin.0.8.7.jar:0.15.0+mixin.0.8.7]
	at org.spongepowered.asm.mixin.transformer.MixinTargetContext.transformMethod(MixinTargetContext.java:479) ~[sponge-mixin-0.15.0+mixin.0.8.7.jar:0.15.0+mixin.0.8.7]
	... 23 more
[19:58:52] [main/DEBUG] (FabricLoader/Mixin) Mixing SystemDetailsMixin from fabric-crash-report-info-v1.mixins.json into net.minecraft.SystemReport
[19:58:52] [main/DEBUG] (FabricLoader/Mixin) fabric-crash-report-info-v1.mixins.json:SystemDetailsMixin from mod fabric-crash-report-info-v1: Class version 65 required is higher than the class version supported by the current version of Mixin (JAVA_17 supports class version 61)
[19:58:52] [main/DEBUG] (FabricLoader/Mixin) Renaming synthetic method lambda$appendMods$1(Lnet/fabricmc/loader/api/ModContainer;)Ljava/lang/String; to mdfed396$fabric-crash-report-info-v1$lambda$appendMods$1$0 in fabric-crash-report-info-v1.mixins.json:SystemDetailsMixin from mod fabric-crash-report-info-v1
[19:58:52] [main/DEBUG] (FabricLoader/Mixin) Renaming synthetic method lambda$fillSystemDetails$0()Ljava/lang/String; to mdfed396$fabric-crash-report-info-v1$lambda$fillSystemDetails$0$1 in fabric-crash-report-info-v1.mixins.json:SystemDetailsMixin from mod fabric-crash-report-info-v1
[19:58:52] [main/WARN] (FabricLoader/Mixin) Error loading class: java/lang/invoke/LambdaMetafactory (java.lang.IllegalArgumentException: Unsupported class file major version 69)
[19:58:52] [main/ERROR] (FabricLoader) Minecraft has crashed!
net.fabricmc.loader.impl.FormattedException: java.lang.RuntimeException: Mixin transformation of net.minecraft.SystemReport failed
	at net.fabricmc.loader.impl.FormattedException.ofLocalized(FormattedException.java:63) ~[fabric-loader-0.16.0.jar:?]
	at net.fabricmc.loader.impl.game.minecraft.MinecraftGameProvider.launch(MinecraftGameProvider.java:482) ~[fabric-loader-0.16.0.jar:?]
	at net.fabricmc.loader.impl.launch.knot.Knot.launch(Knot.java:74) [fabric-loader-0.16.0.jar:?]
	at net.fabricmc.loader.impl.launch.knot.KnotClient.main(KnotClient.java:23) [fabric-loader-0.16.0.jar:?]
	at net.fabricmc.devlaunchinjector.Main.main(Main.java:86) [dev-launch-injector-0.2.1+build.8.jar:?]
	at dev.architectury.transformer.TransformerRuntime.main(TransformerRuntime.java:220) [architectury-transformer-5.2.91-runtime.jar:5.2.91]
Caused by: java.lang.RuntimeException: Mixin transformation of net.minecraft.SystemReport failed
	at net.fabricmc.loader.impl.launch.knot.KnotClassDelegate.getPostMixinClassByteArray(KnotClassDelegate.java:427) ~[fabric-loader-0.16.0.jar:?]
	at net.fabricmc.loader.impl.launch.knot.KnotClassDelegate.tryLoadClass(KnotClassDelegate.java:323) ~[fabric-loader-0.16.0.jar:?]
	at net.fabricmc.loader.impl.launch.knot.KnotClassDelegate.loadClass(KnotClassDelegate.java:218) ~[fabric-loader-0.16.0.jar:?]
	at net.fabricmc.loader.impl.launch.knot.KnotClassLoader.loadClass(KnotClassLoader.java:119) ~[fabric-loader-0.16.0.jar:?]
	at java.base/java.lang.ClassLoader.loadClass(ClassLoader.java:490) ~[?:?]
	at net.minecraft.CrashReport.<init>(CrashReport.java:35) ~[minecraft-merged-a1c774aec4-1.21.1-loom.mappings.1_21_1.layered+hash.40359-v2.jar:?]
	at net.minecraft.CrashReport.forThrowable(CrashReport.java:226) ~[minecraft-merged-a1c774aec4-1.21.1-loom.mappings.1_21_1.layered+hash.40359-v2.jar:?]
	at net.minecraft.client.main.Main.main(Main.java:207) ~[minecraft-merged-a1c774aec4-1.21.1-loom.mappings.1_21_1.layered+hash.40359-v2.jar:?]
	at net.fabricmc.loader.impl.game.minecraft.MinecraftGameProvider.launch(MinecraftGameProvider.java:480) ~[fabric-loader-0.16.0.jar:?]
	... 4 more
Caused by: org.spongepowered.asm.mixin.transformer.throwables.MixinTransformerError: An unexpected critical error was encountered
	at org.spongepowered.asm.mixin.transformer.MixinProcessor.applyMixins(MixinProcessor.java:392) ~[sponge-mixin-0.15.0+mixin.0.8.7.jar:0.15.0+mixin.0.8.7]
	at org.spongepowered.asm.mixin.transformer.MixinTransformer.transformClass(MixinTransformer.java:234) ~[sponge-mixin-0.15.0+mixin.0.8.7.jar:0.15.0+mixin.0.8.7]
	at org.spongepowered.asm.mixin.transformer.MixinTransformer.transformClassBytes(MixinTransformer.java:202) ~[sponge-mixin-0.15.0+mixin.0.8.7.jar:0.15.0+mixin.0.8.7]
	at net.fabricmc.loader.impl.launch.knot.KnotClassDelegate.getPostMixinClassByteArray(KnotClassDelegate.java:422) ~[fabric-loader-0.16.0.jar:?]
	at net.fabricmc.loader.impl.launch.knot.KnotClassDelegate.tryLoadClass(KnotClassDelegate.java:323) ~[fabric-loader-0.16.0.jar:?]
	at net.fabricmc.loader.impl.launch.knot.KnotClassDelegate.loadClass(KnotClassDelegate.java:218) ~[fabric-loader-0.16.0.jar:?]
	at net.fabricmc.loader.impl.launch.knot.KnotClassLoader.loadClass(KnotClassLoader.java:119) ~[fabric-loader-0.16.0.jar:?]
	at java.base/java.lang.ClassLoader.loadClass(ClassLoader.java:490) ~[?:?]
	at net.minecraft.CrashReport.<init>(CrashReport.java:35) ~[minecraft-merged-a1c774aec4-1.21.1-loom.mappings.1_21_1.layered+hash.40359-v2.jar:?]
	at net.minecraft.CrashReport.forThrowable(CrashReport.java:226) ~[minecraft-merged-a1c774aec4-1.21.1-loom.mappings.1_21_1.layered+hash.40359-v2.jar:?]
	at net.minecraft.client.main.Main.main(Main.java:207) ~[minecraft-merged-a1c774aec4-1.21.1-loom.mappings.1_21_1.layered+hash.40359-v2.jar:?]
	at net.fabricmc.loader.impl.game.minecraft.MinecraftGameProvider.launch(MinecraftGameProvider.java:480) ~[fabric-loader-0.16.0.jar:?]
	... 4 more
Caused by: org.spongepowered.asm.mixin.transformer.throwables.MixinPreProcessorException: Attach error for fabric-crash-report-info-v1.mixins.json:SystemDetailsMixin from mod fabric-crash-report-info-v1 during activity: [Transform -> Method fillSystemDetails(Lorg/spongepowered/asm/mixin/injection/callback/CallbackInfo;)V -> INVOKEDYNAMIC -> get()Ljava/util/function/Supplier; -> java/lang/invoke/LambdaMetafactory::metafactory:(Ljava/lang/invoke/MethodHandles$Lookup;Ljava/lang/String;Ljava/lang/invoke/MethodType;Ljava/lang/invoke/MethodType;Ljava/lang/invoke/MethodHandle;Ljava/lang/invoke/MethodType;)Ljava/lang/invoke/CallSite;]
	at org.spongepowered.asm.mixin.transformer.MixinPreProcessorStandard.attach(MixinPreProcessorStandard.java:313) ~[sponge-mixin-0.15.0+mixin.0.8.7.jar:0.15.0+mixin.0.8.7]
	at org.spongepowered.asm.mixin.transformer.MixinPreProcessorStandard.createContextFor(MixinPreProcessorStandard.java:277) ~[sponge-mixin-0.15.0+mixin.0.8.7.jar:0.15.0+mixin.0.8.7]
	at org.spongepowered.asm.mixin.transformer.MixinInfo.createContextFor(MixinInfo.java:1288) ~[sponge-mixin-0.15.0+mixin.0.8.7.jar:0.15.0+mixin.0.8.7]
	at org.spongepowered.asm.mixin.transformer.MixinApplicatorStandard.apply(MixinApplicatorStandard.java:203) ~[sponge-mixin-0.15.0+mixin.0.8.7.jar:0.15.0+mixin.0.8.7]
	at org.spongepowered.asm.mixin.transformer.TargetClassContext.apply(TargetClassContext.java:437) ~[sponge-mixin-0.15.0+mixin.0.8.7.jar:0.15.0+mixin.0.8.7]
	at org.spongepowered.asm.mixin.transformer.TargetClassContext.applyMixins(TargetClassContext.java:418) ~[sponge-mixin-0.15.0+mixin.0.8.7.jar:0.15.0+mixin.0.8.7]
	at org.spongepowered.asm.mixin.transformer.MixinProcessor.applyMixins(MixinProcessor.java:363) ~[sponge-mixin-0.15.0+mixin.0.8.7.jar:0.15.0+mixin.0.8.7]
	at org.spongepowered.asm.mixin.transformer.MixinTransformer.transformClass(MixinTransformer.java:234) ~[sponge-mixin-0.15.0+mixin.0.8.7.jar:0.15.0+mixin.0.8.7]
	at org.spongepowered.asm.mixin.transformer.MixinTransformer.transformClassBytes(MixinTransformer.java:202) ~[sponge-mixin-0.15.0+mixin.0.8.7.jar:0.15.0+mixin.0.8.7]
	at net.fabricmc.loader.impl.launch.knot.KnotClassDelegate.getPostMixinClassByteArray(KnotClassDelegate.java:422) ~[fabric-loader-0.16.0.jar:?]
	at net.fabricmc.loader.impl.launch.knot.KnotClassDelegate.tryLoadClass(KnotClassDelegate.java:323) ~[fabric-loader-0.16.0.jar:?]
	at net.fabricmc.loader.impl.launch.knot.KnotClassDelegate.loadClass(KnotClassDelegate.java:218) ~[fabric-loader-0.16.0.jar:?]
	at net.fabricmc.loader.impl.launch.knot.KnotClassLoader.loadClass(KnotClassLoader.java:119) ~[fabric-loader-0.16.0.jar:?]
	at java.base/java.lang.ClassLoader.loadClass(ClassLoader.java:490) ~[?:?]
	at net.minecraft.CrashReport.<init>(CrashReport.java:35) ~[minecraft-merged-a1c774aec4-1.21.1-loom.mappings.1_21_1.layered+hash.40359-v2.jar:?]
	at net.minecraft.CrashReport.forThrowable(CrashReport.java:226) ~[minecraft-merged-a1c774aec4-1.21.1-loom.mappings.1_21_1.layered+hash.40359-v2.jar:?]
	at net.minecraft.client.main.Main.main(Main.java:207) ~[minecraft-merged-a1c774aec4-1.21.1-loom.mappings.1_21_1.layered+hash.40359-v2.jar:?]
	at net.fabricmc.loader.impl.game.minecraft.MinecraftGameProvider.launch(MinecraftGameProvider.java:480) ~[fabric-loader-0.16.0.jar:?]
	... 4 more
Caused by: java.lang.RuntimeException: java.lang.ClassNotFoundException: java.lang.invoke.LambdaMetafactory
	at org.spongepowered.asm.mixin.transformer.MixinPreProcessorStandard.transformMemberReference(MixinPreProcessorStandard.java:791) ~[sponge-mixin-0.15.0+mixin.0.8.7.jar:0.15.0+mixin.0.8.7]
	at org.spongepowered.asm.mixin.transformer.MixinPreProcessorStandard.transformInvokeDynamic(MixinPreProcessorStandard.java:760) ~[sponge-mixin-0.15.0+mixin.0.8.7.jar:0.15.0+mixin.0.8.7]
	at org.spongepowered.asm.mixin.transformer.MixinPreProcessorStandard.transform(MixinPreProcessorStandard.java:747) ~[sponge-mixin-0.15.0+mixin.0.8.7.jar:0.15.0+mixin.0.8.7]
	at org.spongepowered.asm.mixin.transformer.MixinPreProcessorStandard.attach(MixinPreProcessorStandard.java:307) ~[sponge-mixin-0.15.0+mixin.0.8.7.jar:0.15.0+mixin.0.8.7]
	at org.spongepowered.asm.mixin.transformer.MixinPreProcessorStandard.createContextFor(MixinPreProcessorStandard.java:277) ~[sponge-mixin-0.15.0+mixin.0.8.7.jar:0.15.0+mixin.0.8.7]
	at org.spongepowered.asm.mixin.transformer.MixinInfo.createContextFor(MixinInfo.java:1288) ~[sponge-mixin-0.15.0+mixin.0.8.7.jar:0.15.0+mixin.0.8.7]
	at org.spongepowered.asm.mixin.transformer.MixinApplicatorStandard.apply(MixinApplicatorStandard.java:203) ~[sponge-mixin-0.15.0+mixin.0.8.7.jar:0.15.0+mixin.0.8.7]
	at org.spongepowered.asm.mixin.transformer.TargetClassContext.apply(TargetClassContext.java:437) ~[sponge-mixin-0.15.0+mixin.0.8.7.jar:0.15.0+mixin.0.8.7]
	at org.spongepowered.asm.mixin.transformer.TargetClassContext.applyMixins(TargetClassContext.java:418) ~[sponge-mixin-0.15.0+mixin.0.8.7.jar:0.15.0+mixin.0.8.7]
	at org.spongepowered.asm.mixin.transformer.MixinProcessor.applyMixins(MixinProcessor.java:363) ~[sponge-mixin-0.15.0+mixin.0.8.7.jar:0.15.0+mixin.0.8.7]
	at org.spongepowered.asm.mixin.transformer.MixinTransformer.transformClass(MixinTransformer.java:234) ~[sponge-mixin-0.15.0+mixin.0.8.7.jar:0.15.0+mixin.0.8.7]
	at org.spongepowered.asm.mixin.transformer.MixinTransformer.transformClassBytes(MixinTransformer.java:202) ~[sponge-mixin-0.15.0+mixin.0.8.7.jar:0.15.0+mixin.0.8.7]
	at net.fabricmc.loader.impl.launch.knot.KnotClassDelegate.getPostMixinClassByteArray(KnotClassDelegate.java:422) ~[fabric-loader-0.16.0.jar:?]
	at net.fabricmc.loader.impl.launch.knot.KnotClassDelegate.tryLoadClass(KnotClassDelegate.java:323) ~[fabric-loader-0.16.0.jar:?]
	at net.fabricmc.loader.impl.launch.knot.KnotClassDelegate.loadClass(KnotClassDelegate.java:218) ~[fabric-loader-0.16.0.jar:?]
	at net.fabricmc.loader.impl.launch.knot.KnotClassLoader.loadClass(KnotClassLoader.java:119) ~[fabric-loader-0.16.0.jar:?]
	at java.base/java.lang.ClassLoader.loadClass(ClassLoader.java:490) ~[?:?]
	at net.minecraft.CrashReport.<init>(CrashReport.java:35) ~[minecraft-merged-a1c774aec4-1.21.1-loom.mappings.1_21_1.layered+hash.40359-v2.jar:?]
	at net.minecraft.CrashReport.forThrowable(CrashReport.java:226) ~[minecraft-merged-a1c774aec4-1.21.1-loom.mappings.1_21_1.layered+hash.40359-v2.jar:?]
	at net.minecraft.client.main.Main.main(Main.java:207) ~[minecraft-merged-a1c774aec4-1.21.1-loom.mappings.1_21_1.layered+hash.40359-v2.jar:?]
	at net.fabricmc.loader.impl.game.minecraft.MinecraftGameProvider.launch(MinecraftGameProvider.java:480) ~[fabric-loader-0.16.0.jar:?]
	... 4 more
Caused by: java.lang.ClassNotFoundException: java.lang.invoke.LambdaMetafactory
	at org.spongepowered.asm.mixin.transformer.MixinPreProcessorStandard.transformMemberReference(MixinPreProcessorStandard.java:791) ~[sponge-mixin-0.15.0+mixin.0.8.7.jar:0.15.0+mixin.0.8.7]
	at org.spongepowered.asm.mixin.transformer.MixinPreProcessorStandard.transformInvokeDynamic(MixinPreProcessorStandard.java:760) ~[sponge-mixin-0.15.0+mixin.0.8.7.jar:0.15.0+mixin.0.8.7]
	at org.spongepowered.asm.mixin.transformer.MixinPreProcessorStandard.transform(MixinPreProcessorStandard.java:747) ~[sponge-mixin-0.15.0+mixin.0.8.7.jar:0.15.0+mixin.0.8.7]
	at org.spongepowered.asm.mixin.transformer.MixinPreProcessorStandard.attach(MixinPreProcessorStandard.java:307) ~[sponge-mixin-0.15.0+mixin.0.8.7.jar:0.15.0+mixin.0.8.7]
	at org.spongepowered.asm.mixin.transformer.MixinPreProcessorStandard.createContextFor(MixinPreProcessorStandard.java:277) ~[sponge-mixin-0.15.0+mixin.0.8.7.jar:0.15.0+mixin.0.8.7]
	at org.spongepowered.asm.mixin.transformer.MixinInfo.createContextFor(MixinInfo.java:1288) ~[sponge-mixin-0.15.0+mixin.0.8.7.jar:0.15.0+mixin.0.8.7]
	at org.spongepowered.asm.mixin.transformer.MixinApplicatorStandard.apply(MixinApplicatorStandard.java:203) ~[sponge-mixin-0.15.0+mixin.0.8.7.jar:0.15.0+mixin.0.8.7]
	at org.spongepowered.asm.mixin.transformer.TargetClassContext.apply(TargetClassContext.java:437) ~[sponge-mixin-0.15.0+mixin.0.8.7.jar:0.15.0+mixin.0.8.7]
	at org.spongepowered.asm.mixin.transformer.TargetClassContext.applyMixins(TargetClassContext.java:418) ~[sponge-mixin-0.15.0+mixin.0.8.7.jar:0.15.0+mixin.0.8.7]
	at org.spongepowered.asm.mixin.transformer.MixinProcessor.applyMixins(MixinProcessor.java:363) ~[sponge-mixin-0.15.0+mixin.0.8.7.jar:0.15.0+mixin.0.8.7]
	at org.spongepowered.asm.mixin.transformer.MixinTransformer.transformClass(MixinTransformer.java:234) ~[sponge-mixin-0.15.0+mixin.0.8.7.jar:0.15.0+mixin.0.8.7]
	at org.spongepowered.asm.mixin.transformer.MixinTransformer.transformClassBytes(MixinTransformer.java:202) ~[sponge-mixin-0.15.0+mixin.0.8.7.jar:0.15.0+mixin.0.8.7]
	at net.fabricmc.loader.impl.launch.knot.KnotClassDelegate.getPostMixinClassByteArray(KnotClassDelegate.java:422) ~[fabric-loader-0.16.0.jar:?]
	at net.fabricmc.loader.impl.launch.knot.KnotClassDelegate.tryLoadClass(KnotClassDelegate.java:323) ~[fabric-loader-0.16.0.jar:?]
	at net.fabricmc.loader.impl.launch.knot.KnotClassDelegate.loadClass(KnotClassDelegate.java:218) ~[fabric-loader-0.16.0.jar:?]
	at net.fabricmc.loader.impl.launch.knot.KnotClassLoader.loadClass(KnotClassLoader.java:119) ~[fabric-loader-0.16.0.jar:?]
	at java.base/java.lang.ClassLoader.loadClass(ClassLoader.java:490) ~[?:?]
	at net.minecraft.CrashReport.<init>(CrashReport.java:35) ~[minecraft-merged-a1c774aec4-1.21.1-loom.mappings.1_21_1.layered+hash.40359-v2.jar:?]
	at net.minecraft.CrashReport.forThrowable(CrashReport.java:226) ~[minecraft-merged-a1c774aec4-1.21.1-loom.mappings.1_21_1.layered+hash.40359-v2.jar:?]
	at net.minecraft.client.main.Main.main(Main.java:207) ~[minecraft-merged-a1c774aec4-1.21.1-loom.mappings.1_21_1.layered+hash.40359-v2.jar:?]
	at net.fabricmc.loader.impl.game.minecraft.MinecraftGameProvider.launch(MinecraftGameProvider.java:480) ~[fabric-loader-0.16.0.jar:?]
	... 4 more
